density(tonne/mm3),E(MPa),v(-),phi(deg),psi(deg),c(MPa),area_reduced(%),plastic_zone(%),max_PEEQ(-),min_PEEQ(-),sim_num
1.6e-09,30,0.2,20,2,0.0005,0.100520708704597,17.9843929337687,0.151306,8.10612e-09,0
1.6e-09,30,0.2,20,2,0.025375,0,0,0.00770308,2.91417e-08,1
1.6e-09,30,0.2,20,2,0.05025,0,0,0.00200384,1.56807e-07,2
1.6e-09,30,0.2,20,2,0.075125,0,0,0,0,3
1.6e-09,30,0.2,20,2,0.1,0,0,0,0,4
1.6e-09,30,0.2,20,6,0.0005,0.126332915741476,18.2381080419605,0.221604,1.0422e-07,5
1.6e-09,30,0.2,20,6,0.025375,0,0,0.00805562,1.08087e-07,6
1.6e-09,30,0.2,20,6,0.05025,0,0,0.00207681,6.15988e-07,7
1.6e-09,30,0.2,20,6,0.075125,0,0,0,0,8
1.6e-09,30,0.2,20,6,0.1,0,0,0,0,9
1.6e-09,30,0.2,20,10,0.0005,0.169563116144706,18.7709307546974,0.365219,1.47591e-08,10
1.6e-09,30,0.2,20,10,0.025375,0,0,0.00845535,3.52034e-07,11
1.6e-09,30,0.2,20,10,0.05025,0,0,0.0021463,2.40215e-06,12
1.6e-09,30,0.2,20,10,0.075125,0,0,0,0,13
1.6e-09,30,0.2,20,10,0.1,0,0,0,0,14
1.6e-09,30,0.2,20,14,0.0005,0.34940914403581,20.5070639971047,0.896723,4.53274e-09,15
1.6e-09,30,0.2,20,14,0.025375,0,0,0.00891722,2.69194e-08,16
1.6e-09,30,0.2,20,14,0.05025,0,0,0.00221725,1.02875e-06,17
1.6e-09,30,0.2,20,14,0.075125,0,0,0,0,18
1.6e-09,30,0.2,20,14,0.1,0,0,0,0,19
1.6e-09,30,0.2,20,18,0.0005,0.878454460620963,20.9055792911132,2.50517,5.07874e-08,20
1.6e-09,30,0.2,20,18,0.025375,0,0,0.00946386,3.60613e-07,21
1.6e-09,30,0.2,20,18,0.05025,0,0,0.00228865,5.92522e-07,22
1.6e-09,30,0.2,20,18,0.075125,0,0,0,0,23
1.6e-09,30,0.2,20,18,0.1,0,0,0,0,24
1.6e-09,30,0.2,26.25,2.625,0.0005,0,6.31454723365618,0.0343435,8.34362e-08,25
1.6e-09,30,0.2,26.25,2.625,0.025375,0,0,0.00667974,1.74693e-06,26
1.6e-09,30,0.2,26.25,2.625,0.05025,0,0,0.00170735,1.06489e-06,27
1.6e-09,30,0.2,26.25,2.625,0.075125,0,0,0,0,28
1.6e-09,30,0.2,26.25,2.625,0.1,0,0,0,0,29
1.6e-09,30,0.2,26.25,7.875,0.0005,0,11.4891602508544,0.0647262,2.10686e-08,30
1.6e-09,30,0.2,26.25,7.875,0.025375,0,0,0.0070446,1.02446e-06,31
1.6e-09,30,0.2,26.25,7.875,0.05025,0,0,0.00178744,2.35484e-06,32
1.6e-09,30,0.2,26.25,7.875,0.075125,0,0,0,0,33
1.6e-09,30,0.2,26.25,7.875,0.1,0,0,0,0,34
1.6e-09,30,0.2,26.25,13.125,0.0005,0.136405972146112,16.812350850021,0.254044,3.71695e-08,35
1.6e-09,30,0.2,26.25,13.125,0.025375,0,0,0.00747519,1.3967e-07,36
1.6e-09,30,0.2,26.25,13.125,0.05025,0,0,0.00186394,2.22271e-06,37
1.6e-09,30,0.2,26.25,13.125,0.075125,0,0,0,0,38
1.6e-09,30,0.2,26.25,13.125,0.1,0,0,0,0,39
1.6e-09,30,0.2,26.25,18.375,0.0005,0.299883283379684,17.988590040604,0.586332,3.01612e-09,40
1.6e-09,30,0.2,26.25,18.375,0.025375,0,0,0.00800052,2.16923e-08,41
1.6e-09,30,0.2,26.25,18.375,0.05025,0,0,0.00194055,4.56865e-07,42
1.6e-09,30,0.2,26.25,18.375,0.075125,0,0,0,0,43
1.6e-09,30,0.2,26.25,18.375,0.1,0,0,0,0,44
1.6e-09,30,0.2,26.25,23.625,0.0005,0.549820995419714,18.1766204268239,1.27425,7.45814e-09,45
1.6e-09,30,0.2,26.25,23.625,0.025375,0,0,0.00867222,1.83179e-07,46
1.6e-09,30,0.2,26.25,23.625,0.05025,0,0,0.00201721,3.06672e-07,47
1.6e-09,30,0.2,26.25,23.625,0.075125,0,0,0,0,48
1.6e-09,30,0.2,26.25,23.625,0.1,0,0,0,0,49
1.6e-09,30,0.2,32.5,3.25,0.0005,0,0,0.0185475,3.1084e-08,50
1.6e-09,30,0.2,32.5,3.25,0.025375,0,0,0.00580939,4.34661e-07,51
1.6e-09,30,0.2,32.5,3.25,0.05025,0,0,0.00153831,7.30589e-06,52
1.6e-09,30,0.2,32.5,3.25,0.075125,0,0,0,0,53
1.6e-09,30,0.2,32.5,3.25,0.1,0,0,0,0,54
1.6e-09,30,0.2,32.5,9.75,0.0005,0,0,0.0213916,1.00368e-09,55
1.6e-09,30,0.2,32.5,9.75,0.025375,0,0,0.00615288,3.41694e-07,56
1.6e-09,30,0.2,32.5,9.75,0.05025,0,0,0.0016396,3.46837e-06,57
1.6e-09,30,0.2,32.5,9.75,0.075125,0,0,0,0,58
1.6e-09,30,0.2,32.5,9.75,0.1,0,0,0,0,59
1.6e-09,30,0.2,32.5,16.25,0.0005,0,5.18489592894461,0.0473451,7.4312e-08,60
1.6e-09,30,0.2,32.5,16.25,0.025375,0,0,0.00657474,9.602e-08,61
1.6e-09,30,0.2,32.5,16.25,0.05025,0,0,0.00173451,1.28153e-07,62
1.6e-09,30,0.2,32.5,16.25,0.075125,0,0,0,0,63
1.6e-09,30,0.2,32.5,16.25,0.1,0,0,0,0,64
1.6e-09,30,0.2,32.5,22.75,0.0005,0,11.454953830147,0.17007,4.53057e-08,65
1.6e-09,30,0.2,32.5,22.75,0.025375,0,0,0.00712101,3.49158e-07,66
1.6e-09,30,0.2,32.5,22.75,0.05025,0,0,0.00182238,3.00656e-06,67
1.6e-09,30,0.2,32.5,22.75,0.075125,0,0,0,0,68
1.6e-09,30,0.2,32.5,22.75,0.1,0,0,0,0,69
1.6e-09,30,0.2,32.5,29.25,0.0005,0.399984281400754,15.1236449148521,0.946163,2.11182e-07,70
1.6e-09,30,0.2,32.5,29.25,0.025375,0,0,0.0078895,2.35287e-07,71
1.6e-09,30,0.2,32.5,29.25,0.05025,0,0,0.00190315,5.81153e-07,72
1.6e-09,30,0.2,32.5,29.25,0.075125,0,0,0,0,73
1.6e-09,30,0.2,32.5,29.25,0.1,0,0,0,0,74
1.6e-09,30,0.2,38.75,3.875,0.0005,0,0,0.0176502,1.07266e-07,75
1.6e-09,30,0.2,38.75,3.875,0.025375,0,0,0.00511178,4.87413e-08,76
1.6e-09,30,0.2,38.75,3.875,0.05025,0,0,0.00147403,1.07553e-06,77
1.6e-09,30,0.2,38.75,3.875,0.075125,0,0,0,0,78
1.6e-09,30,0.2,38.75,3.875,0.1,0,0,0,0,79
1.6e-09,30,0.2,38.75,11.625,0.0005,0,2.52896672358892,0.0285128,1.72797e-09,80
1.6e-09,30,0.2,38.75,11.625,0.025375,0,0,0.00542287,2.65061e-07,81
1.6e-09,30,0.2,38.75,11.625,0.05025,0,0,0.00160314,1.72135e-06,82
1.6e-09,30,0.2,38.75,11.625,0.075125,0,0,0,0,83
1.6e-09,30,0.2,38.75,11.625,0.1,0,0,0,0,84
1.6e-09,30,0.2,38.75,19.375,0.0005,0,0,0.0312046,2.71456e-09,85
1.6e-09,30,0.2,38.75,19.375,0.025375,0,0,0.00580977,7.0503e-07,86
1.6e-09,30,0.2,38.75,19.375,0.05025,0,0,0.00172,6.18895e-06,87
1.6e-09,30,0.2,38.75,19.375,0.075125,0,0,0,0,88
1.6e-09,30,0.2,38.75,19.375,0.1,0,0,0,0,89
1.6e-09,30,0.2,38.75,27.125,0.0005,0,4.45438948426673,0.071274,5.34784e-06,90
1.6e-09,30,0.2,38.75,27.125,0.025375,0,0,0.00633349,6.82582e-08,91
1.6e-09,30,0.2,38.75,27.125,0.05025,0,0,0.00182373,3.85178e-07,92
1.6e-09,30,0.2,38.75,27.125,0.075125,0,0,0,0,93
1.6e-09,30,0.2,38.75,27.125,0.1,0,0,0,0,94
1.6e-09,30,0.2,38.75,34.875,0.0005,0.549820995419714,11.3961943344533,1.40741,4.10251e-05,95
1.6e-09,30,0.2,38.75,34.875,0.025375,0,0,0.00713229,3.28446e-07,96
1.6e-09,30,0.2,38.75,34.875,0.05025,0,0,0.0019139,1.7013e-07,97
1.6e-09,30,0.2,38.75,34.875,0.075125,0,0,0,0,98
1.6e-09,30,0.2,38.75,34.875,0.1,0,0,0,0,99
1.6e-09,30,0.2,45,4.5,0.0005,0,0,0.0123104,5.46079e-05,100
1.6e-09,30,0.2,45,4.5,0.025375,0,0,0.00459553,6.26771e-07,101
1.6e-09,30,0.2,45,4.5,0.05025,0,0,0.00151285,7.41012e-06,102
1.6e-09,30,0.2,45,4.5,0.075125,0,0,0,0,103
1.6e-09,30,0.2,45,4.5,0.1,0,0,0,0,104
1.6e-09,30,0.2,45,13.5,0.0005,0,0,0.0218285,6.24496e-05,105
1.6e-09,30,0.2,45,13.5,0.025375,0,0,0.00488459,4.31519e-08,106
1.6e-09,30,0.2,45,13.5,0.05025,0,0,0.00167279,4.88223e-07,107
1.6e-09,30,0.2,45,13.5,0.075125,0,0,0,0,108
1.6e-09,30,0.2,45,13.5,0.1,0,0,0,0,109
1.6e-09,30,0.2,45,22.5,0.0005,0,2.482798548401,0.0361504,6.73058e-05,110
1.6e-09,30,0.2,45,22.5,0.025375,0,0,0.00523219,3.5366e-08,111
1.6e-09,30,0.2,45,22.5,0.05025,0,0,0.00181191,5.61366e-06,112
1.6e-09,30,0.2,45,22.5,0.075125,0,0,0,0,113
1.6e-09,30,0.2,45,22.5,0.1,0,0,0,0,114
1.6e-09,30,0.2,45,31.5,0.0005,0,2.43746979458014,0.0491248,6.95089e-05,115
1.6e-09,30,0.2,45,31.5,0.025375,0,0,0.00570611,6.89706e-08,116
1.6e-09,30,0.2,45,31.5,0.05025,0,0,0.00193712,8.83114e-07,117
1.6e-09,30,0.2,45,31.5,0.075125,0,0,0.000121669,2.45636e-05,118
1.6e-09,30,0.2,45,31.5,0.1,0,0,0,0,119
1.6e-09,30,0.2,45,40.5,0.0005,0.109964199083943,4.52322203636508,0.345731,6.87593e-05,120
1.6e-09,30,0.2,45,40.5,0.025375,0,0,0.00646292,1.06427e-08,121
1.6e-09,30,0.2,45,40.5,0.05025,0,0,0.00203535,1.88676e-06,122
1.6e-09,30,0.2,45,40.5,0.075125,0,0,0.000206771,4.94424e-05,123
1.6e-09,30,0.2,45,40.5,0.1,0,0,0,0,124
1.6e-09,30,0.4,20,2,0.0005,0.105137526223388,18.6120702609826,0.256639,9.81066e-08,125
1.6e-09,30,0.4,20,2,0.025375,0,0,0.00728033,4.24621e-07,126
1.6e-09,30,0.4,20,2,0.05025,0,0,0.00193092,2.91048e-06,127
1.6e-09,30,0.4,20,2,0.075125,0,0,0,0,128
1.6e-09,30,0.4,20,2,0.1,0,0,0,0,129
1.6e-09,30,0.4,20,6,0.0005,0,17.276760721343,0.155067,1.02014e-08,130
1.6e-09,30,0.4,20,6,0.025375,0,0,0.00758246,4.16174e-08,131
1.6e-09,30,0.4,20,6,0.05025,0,0,0.00199784,5.95238e-06,132
1.6e-09,30,0.4,20,6,0.075125,0,0,0,0,133
1.6e-09,30,0.4,20,6,0.1,0,0,0,0,134
1.6e-09,30,0.4,20,10,0.0005,0.11563029331155,17.5034044904474,0.22986,9.7514e-08,135
1.6e-09,30,0.4,20,10,0.025375,0,0,0.00792637,1.1427e-07,136
1.6e-09,30,0.4,20,10,0.05025,0,0,0.00206516,2.41466e-07,137
1.6e-09,30,0.4,20,10,0.075125,0,0,0,0,138
1.6e-09,30,0.4,20,10,0.1,0,0,0,0,139
1.6e-09,30,0.4,20,14,0.0005,0.147738160601328,17.6683507890733,0.346879,9.72445e-08,140
1.6e-09,30,0.4,20,14,0.025375,0,0,0.00832555,4.5611e-08,141
1.6e-09,30,0.4,20,14,0.05025,0,0,0.00213461,7.16185e-07,142
1.6e-09,30,0.4,20,14,0.075125,0,0,0,0,143
1.6e-09,30,0.4,20,14,0.1,0,0,0,0,144
1.6e-09,30,0.4,20,18,0.0005,0.208386354370907,17.9552230412636,0.573023,2.05844e-09,145
1.6e-09,30,0.4,20,18,0.025375,0,0,0.00880007,5.51327e-08,146
1.6e-09,30,0.4,20,18,0.05025,0,0,0.00220718,1.2829e-06,147
1.6e-09,30,0.4,20,18,0.075125,0,0,0,0,148
1.6e-09,30,0.4,20,18,0.1,0,0,0,0,149
1.6e-09,30,0.4,26.25,2.625,0.0005,0,13.2876205297654,0.0577956,2.49582e-08,150
1.6e-09,30,0.4,26.25,2.625,0.025375,0,0,0.00642036,2.93588e-07,151
1.6e-09,30,0.4,26.25,2.625,0.05025,0,0,0.00153865,8.32469e-07,152
1.6e-09,30,0.4,26.25,2.625,0.075125,0,0,0,0,153
1.6e-09,30,0.4,26.25,2.625,0.1,0,0,0,0,154
1.6e-09,30,0.4,26.25,7.875,0.0005,0,14.4940788895624,0.0877127,5.3542e-08,155
1.6e-09,30,0.4,26.25,7.875,0.025375,0,0,0.00672505,1.2558e-07,156
1.6e-09,30,0.4,26.25,7.875,0.05025,0,0,0.00160705,5.92507e-07,157
1.6e-09,30,0.4,26.25,7.875,0.075125,0,0,0,0,158
1.6e-09,30,0.4,26.25,7.875,0.1,0,0,0,0,159
1.6e-09,30,0.4,26.25,13.125,0.0005,0.0988418659704905,16.2556046283231,0.195271,2.36098e-09,160
1.6e-09,30,0.4,26.25,13.125,0.025375,0,0,0.00709111,3.91036e-07,161
1.6e-09,30,0.4,26.25,13.125,0.05025,0,0,0.00167879,1.34203e-06,162
1.6e-09,30,0.4,26.25,13.125,0.075125,0,0,0,0,163
1.6e-09,30,0.4,26.25,13.125,0.1,0,0,0,0,164
1.6e-09,30,0.4,26.25,18.375,0.0005,0.206077945611511,17.2593427279767,0.388641,3.75987e-08,165
1.6e-09,30,0.4,26.25,18.375,0.025375,0,0,0.00754381,3.24945e-07,166
1.6e-09,30,0.4,26.25,18.375,0.05025,0,0,0.00175421,1.28831e-06,167
1.6e-09,30,0.4,26.25,18.375,0.075125,0,0,0,0,168
1.6e-09,30,0.4,26.25,18.375,0.1,0,0,0,0,169
1.6e-09,30,0.4,26.25,23.625,0.0005,0.540587360382131,18.024055593362,1.2767,9.46377e-08,170
1.6e-09,30,0.4,26.25,23.625,0.025375,0,0,0.00812959,8.61039e-08,171
1.6e-09,30,0.4,26.25,23.625,0.05025,0,0,0.00183835,7.72434e-07,172
1.6e-09,30,0.4,26.25,23.625,0.075125,0,0,0,0,173
1.6e-09,30,0.4,26.25,23.625,0.1,0,0,0,0,174
1.6e-09,30,0.4,32.5,3.25,0.0005,0,2.49350117083093,0.0198928,8.75055e-09,175
1.6e-09,30,0.4,32.5,3.25,0.025375,0,0,0.00560296,9.62789e-08,176
1.6e-09,30,0.4,32.5,3.25,0.05025,0,0,0.00119339,1.11799e-06,177
1.6e-09,30,0.4,32.5,3.25,0.075125,0,0,0,0,178
1.6e-09,30,0.4,32.5,3.25,0.1,0,0,0,0,179
1.6e-09,30,0.4,32.5,9.75,0.0005,0,3.46681024592888,0.0284928,8.52605e-08,180
1.6e-09,30,0.4,32.5,9.75,0.025375,0,0,0.00590009,4.92949e-07,181
1.6e-09,30,0.4,32.5,9.75,0.05025,0,0,0.0012926,1.11561e-06,182
1.6e-09,30,0.4,32.5,9.75,0.075125,0,0,0,0,183
1.6e-09,30,0.4,32.5,9.75,0.1,0,0,0,0,184
1.6e-09,30,0.4,32.5,16.25,0.0005,0,7.23140522181982,0.063988,9.99542e-08,185
1.6e-09,30,0.4,32.5,16.25,0.025375,0,0,0.00627416,2.48963e-07,186
1.6e-09,30,0.4,32.5,16.25,0.05025,0,0,0.0013849,7.7866e-08,187
1.6e-09,30,0.4,32.5,16.25,0.075125,0,0,0,0,188
1.6e-09,30,0.4,32.5,16.25,0.1,0,0,0,0,189
1.6e-09,30,0.4,32.5,22.75,0.0005,0.134727129412006,14.4749820534619,0.331361,4.03233e-09,190
1.6e-09,30,0.4,32.5,22.75,0.025375,0,0,0.00676891,8.55068e-08,191
1.6e-09,30,0.4,32.5,22.75,0.05025,0,0,0.00147286,1.01872e-06,192
1.6e-09,30,0.4,32.5,22.75,0.075125,0,0,0,0,193
1.6e-09,30,0.4,32.5,22.75,0.1,0,0,0,0,194
1.6e-09,30,0.4,32.5,29.25,0.0005,0.399354715375464,15.331191847856,0.969411,2.59791e-08,195
1.6e-09,30,0.4,32.5,29.25,0.025375,0,0,0.00747331,1.70409e-07,196
1.6e-09,30,0.4,32.5,29.25,0.05025,0,0,0.00155679,7.62359e-07,197
1.6e-09,30,0.4,32.5,29.25,0.075125,0,0,0,0,198
1.6e-09,30,0.4,32.5,29.25,0.1,0,0,0,0,199
1.6e-09,30,0.4,38.75,3.875,0.0005,0,0,0.0117038,1.59703e-08,200
1.6e-09,30,0.4,38.75,3.875,0.025375,0,0,0.00486113,2.5196e-08,201
1.6e-09,30,0.4,38.75,3.875,0.05025,0,0,0.000873961,1.6613e-06,202
1.6e-09,30,0.4,38.75,3.875,0.075125,0,0,0,0,203
1.6e-09,30,0.4,38.75,3.875,0.1,0,0,0,0,204
1.6e-09,30,0.4,38.75,11.625,0.0005,0,0,0.0204305,3.54472e-10,205
1.6e-09,30,0.4,38.75,11.625,0.025375,0,0,0.00514898,3.61133e-07,206
1.6e-09,30,0.4,38.75,11.625,0.05025,0,0,0.00104219,1.6922e-06,207
1.6e-09,30,0.4,38.75,11.625,0.075125,0,0,0,0,208
1.6e-09,30,0.4,38.75,11.625,0.1,0,0,0,0,209
1.6e-09,30,0.4,38.75,19.375,0.0005,0,3.00323979597386,0.0337927,1.79562e-08,210
1.6e-09,30,0.4,38.75,19.375,0.025375,0,0,0.00551289,2.80213e-08,211
1.6e-09,30,0.4,38.75,19.375,0.05025,0,0,0.00118031,2.12169e-07,212
1.6e-09,30,0.4,38.75,19.375,0.075125,0,0,0,0,213
1.6e-09,30,0.4,38.75,19.375,0.1,0,0,0,0,214
1.6e-09,30,0.4,38.75,27.125,0.0005,0,3.2263160242682,0.0461116,4.33952e-06,215
1.6e-09,30,0.4,38.75,27.125,0.025375,0,0,0.00602222,9.60255e-07,216
1.6e-09,30,0.4,38.75,27.125,0.05025,0,0,0.00130178,3.33012e-07,217
1.6e-09,30,0.4,38.75,27.125,0.075125,0,0,0,0,218
1.6e-09,30,0.4,38.75,27.125,0.1,0,0,0,0,219
1.6e-09,30,0.4,38.75,34.875,0.0005,0,10.9061821114361,0.953989,2.21012e-05,220
1.6e-09,30,0.4,38.75,34.875,0.025375,0,0,0.00682682,8.76113e-08,221
1.6e-09,30,0.4,38.75,34.875,0.05025,0,0,0.00140608,2.79681e-08,222
1.6e-09,30,0.4,38.75,34.875,0.075125,0,0,0,0,223
1.6e-09,30,0.4,38.75,34.875,0.1,0,0,0,0,224
1.6e-09,30,0.4,45,4.5,0.0005,NaN,NaN,NaN,NaN,225
1.6e-09,30,0.4,45,4.5,0.025375,0,0,0.00422465,1.16778e-07,226
1.6e-09,30,0.4,45,4.5,0.05025,0,0,0.000663683,7.05392e-07,227
1.6e-09,30,0.4,45,4.5,0.075125,0,0,0,0,228
1.6e-09,30,0.4,45,4.5,0.1,0,0,0,0,229
1.6e-09,30,0.4,45,13.5,0.0005,0,0,0.0184657,5.06259e-05,230
1.6e-09,30,0.4,45,13.5,0.025375,0,0,0.00449389,4.22011e-08,231
1.6e-09,30,0.4,45,13.5,0.05025,0,0,0.000905735,1.36012e-06,232
1.6e-09,30,0.4,45,13.5,0.075125,0,0,0,0,233
1.6e-09,30,0.4,45,13.5,0.1,0,0,0,0,234
1.6e-09,30,0.4,45,22.5,0.0005,0,0,0.0307689,5.19522e-05,235
1.6e-09,30,0.4,45,22.5,0.025375,0,0,0.00484645,9.62645e-08,236
1.6e-09,30,0.4,45,22.5,0.05025,0,0,0.00110229,3.36683e-06,237
1.6e-09,30,0.4,45,22.5,0.075125,0,0,0,0,238
1.6e-09,30,0.4,45,22.5,0.1,0,0,0,0,239
1.6e-09,30,0.4,45,31.5,0.0005,0,2.99022876478454,0.0516311,5.13211e-05,240
1.6e-09,30,0.4,45,31.5,0.025375,0,0,0.00534943,4.54745e-08,241
1.6e-09,30,0.4,45,31.5,0.05025,0,0,0.00126499,3.29486e-06,242
1.6e-09,30,0.4,45,31.5,0.075125,0,0,0,0,243
1.6e-09,30,0.4,45,31.5,0.1,0,0,0,0,244
1.6e-09,30,0.4,45,40.5,0.0005,0.102619262122229,4.48397908745535,0.32743,4.85355e-05,245
1.6e-09,30,0.4,45,40.5,0.025375,0,0,0.00621135,1.4111e-08,246
1.6e-09,30,0.4,45,40.5,0.05025,0,0,0.00138969,2.83464e-07,247
1.6e-09,30,0.4,45,40.5,0.075125,0,0,0,0,248
1.6e-09,30,0.4,45,40.5,0.1,0,0,0,0,249
2.4e-09,30,0.2,20,2,0.0005,0.153404254828935,18.7467973903946,0.265327,5.50114e-08,250
2.4e-09,30,0.2,20,2,0.025375,0,0,0.0178291,7.98389e-08,251
2.4e-09,30,0.2,20,2,0.05025,0,0,0.00780381,8.47378e-07,252
2.4e-09,30,0.2,20,2,0.075125,0,0,0.003045,2.73856e-06,253
2.4e-09,30,0.2,20,2,0.1,0,0,0.000114742,9.50201e-06,254
2.4e-09,30,0.2,20,6,0.0005,0.180685449258158,18.6790141150051,0.349353,9.60462e-08,255
2.4e-09,30,0.2,20,6,0.025375,0,0,0.0188073,3.03697e-08,256
2.4e-09,30,0.2,20,6,0.05025,0,0,0.00810311,2.08429e-07,257
2.4e-09,30,0.2,20,6,0.075125,0,0,0.00315298,1.40858e-06,258
2.4e-09,30,0.2,20,6,0.1,0,0,0.000180345,2.95954e-05,259
2.4e-09,30,0.2,20,10,0.0005,0.254344674217058,19.3304050958382,0.601106,4.29015e-09,260
2.4e-09,30,0.2,20,10,0.025375,0,0,0.0199325,8.25449e-08,261
2.4e-09,30,0.2,20,10,0.05025,0,0,0.00843617,7.78783e-07,262
2.4e-09,30,0.2,20,10,0.075125,0,0,0.00325908,3.6692e-07,263
2.4e-09,30,0.2,20,10,0.1,0,0,0.000235907,4.55849e-05,264
2.4e-09,30,0.2,20,14,0.0005,0.822213229028412,21.6562318486003,2.08956,5.75391e-07,265
2.4e-09,30,0.2,20,14,0.025375,0,0,0.0212617,1.81899e-07,266
2.4e-09,30,0.2,20,14,0.05025,0,0,0.00881257,1.16421e-06,267
2.4e-09,30,0.2,20,14,0.075125,0,0,0.00336616,1.89147e-07,268
2.4e-09,30,0.2,20,14,0.1,0,0,0.000281722,5.89113e-05,269
2.4e-09,30,0.2,20,18,0.0005,0.814448581383171,21.0035817357166,2.69466,1.31032e-07,270
2.4e-09,30,0.2,20,18,0.025375,0,0,0.0228728,2.83112e-07,271
2.4e-09,30,0.2,20,18,0.05025,0,0,0.00924885,5.97294e-07,272
2.4e-09,30,0.2,20,18,0.075125,0,0,0.00347493,1.91911e-06,273
2.4e-09,30,0.2,20,18,0.1,0,0,0.00031785,6.94495e-05,274
2.4e-09,30,0.2,26.25,2.625,0.0005,0,11.2986116005334,0.0649109,8.99927e-08,275
2.4e-09,30,0.2,26.25,2.625,0.025375,0,0,0.0152907,7.66169e-08,276
2.4e-09,30,0.2,26.25,2.625,0.05025,0,0,0.00679082,1.38696e-06,277
2.4e-09,30,0.2,26.25,2.625,0.075125,0,0,0.0025935,5.34853e-07,278
2.4e-09,30,0.2,26.25,2.625,0.1,0,0,0,0,279
2.4e-09,30,0.2,26.25,7.875,0.0005,0,12.7650807287749,0.0896347,7.97888e-09,280
2.4e-09,30,0.2,26.25,7.875,0.025375,0,0,0.0162914,2.49252e-07,281
2.4e-09,30,0.2,26.25,7.875,0.05025,0,0,0.00709599,7.71326e-07,282
2.4e-09,30,0.2,26.25,7.875,0.075125,0,0,0.00271347,1.05348e-06,283
2.4e-09,30,0.2,26.25,7.875,0.1,0,0,1.95091e-05,4.41217e-06,284
2.4e-09,30,0.2,26.25,13.125,0.0005,0.201251272750956,17.4463238374877,0.362451,3.82429e-07,285
2.4e-09,30,0.2,26.25,13.125,0.025375,0,0,0.0174886,3.36396e-07,286
2.4e-09,30,0.2,26.25,13.125,0.05025,0,0,0.00743952,9.87841e-07,287
2.4e-09,30,0.2,26.25,13.125,0.075125,0,0,0.00282909,5.90683e-06,288
2.4e-09,30,0.2,26.25,13.125,0.1,0,0,0.000114607,1.15746e-05,289
2.4e-09,30,0.2,26.25,18.375,0.0005,0.855999939052295,19.8380451675635,2.12577,8.8144e-08,290
2.4e-09,30,0.2,26.25,18.375,0.025375,0,0,0.0189825,7.57734e-08,291
2.4e-09,30,0.2,26.25,18.375,0.05025,0,0,0.00784152,1.24305e-06,292
2.4e-09,30,0.2,26.25,18.375,0.075125,0,0,0.00294679,2.72352e-06,293
2.4e-09,30,0.2,26.25,18.375,0.1,0,0,0.000192636,3.49903e-05,294
2.4e-09,30,0.2,26.25,23.625,0.0005,0.394528042514909,17.4274368567291,0.870595,2.97919e-09,295
2.4e-09,30,0.2,26.25,23.625,0.025375,0,0,0.0209388,2.44417e-08,296
2.4e-09,30,0.2,26.25,23.625,0.05025,0,0,0.00832899,6.71322e-07,297
2.4e-09,30,0.2,26.25,23.625,0.075125,0,0,0.0030622,5.47836e-07,298
2.4e-09,30,0.2,26.25,23.625,0.1,0,0,0.000252651,5.26065e-05,299
2.4e-09,30,0.2,32.5,3.25,0.0005,0,0,0.0222537,2.07181e-09,300
2.4e-09,30,0.2,32.5,3.25,0.025375,0,0,0.0130833,7.71461e-08,301
2.4e-09,30,0.2,32.5,3.25,0.05025,0,0,0.00597677,8.4177e-07,302
2.4e-09,30,0.2,32.5,3.25,0.075125,0,0,0.00233819,6.62929e-07,303
2.4e-09,30,0.2,32.5,3.25,0.1,0,0,0,0,304
2.4e-09,30,0.2,32.5,9.75,0.0005,0,3.55159180400123,0.0391601,3.62076e-09,305
2.4e-09,30,0.2,32.5,9.75,0.025375,0,0,0.0140752,2.00366e-07,306
2.4e-09,30,0.2,32.5,9.75,0.05025,0,0,0.00627699,2.49904e-06,307
2.4e-09,30,0.2,32.5,9.75,0.075125,0,0,0.00249102,7.1016e-06,308
2.4e-09,30,0.2,32.5,9.75,0.1,0,0,5.49414e-05,6.40321e-07,309
2.4e-09,30,0.2,32.5,16.25,0.0005,0,6.17079632454835,0.0676252,2.28459e-08,310
2.4e-09,30,0.2,32.5,16.25,0.025375,0,0,0.0153351,8.21695e-08,311
2.4e-09,30,0.2,32.5,16.25,0.05025,0,0,0.00661276,5.02521e-06,312
2.4e-09,30,0.2,32.5,16.25,0.075125,0,0,0.00263313,3.19364e-06,313
2.4e-09,30,0.2,32.5,16.25,0.1,0,0,0.000192833,3.60684e-05,314
2.4e-09,30,0.2,32.5,22.75,0.0005,0.333460138061803,16.5439458679058,0.814427,1.85845e-08,315
2.4e-09,30,0.2,32.5,22.75,0.025375,0,0,0.0170371,1.98363e-07,316
2.4e-09,30,0.2,32.5,22.75,0.05025,0,0,0.00700675,5.16093e-07,317
2.4e-09,30,0.2,32.5,22.75,0.075125,0,0,0.00276487,1.81709e-06,318
2.4e-09,30,0.2,32.5,22.75,0.1,0,0,0.000301865,6.77366e-05,319
2.4e-09,30,0.2,32.5,29.25,0.0005,0.407119363020704,15.1752693289259,0.925163,1.84168e-07,320
2.4e-09,30,0.2,32.5,29.25,0.025375,0,0,0.0195317,3.84165e-08,321
2.4e-09,30,0.2,32.5,29.25,0.05025,0,0,0.00749861,1.82104e-07,322
2.4e-09,30,0.2,32.5,29.25,0.075125,0,0,0.00288702,6.4889e-07,323
2.4e-09,30,0.2,32.5,29.25,0.1,0,0,0.000382101,2.2989e-07,324
2.4e-09,30,0.2,38.75,3.875,0.0005,0,2.54323688682882,0.0242852,1.50701e-08,325
2.4e-09,30,0.2,38.75,3.875,0.025375,0,0,0.0111166,2.72797e-07,326
2.4e-09,30,0.2,38.75,3.875,0.05025,0,0,0.00540132,1.75549e-06,327
2.4e-09,30,0.2,38.75,3.875,0.075125,0,0,0.00224007,3.44957e-06,328
2.4e-09,30,0.2,38.75,3.875,0.1,0,0,2.5714e-05,6.81021e-06,329
2.4e-09,30,0.2,38.75,11.625,0.0005,0,3.72849985710765,0.0441803,6.41752e-10,330
2.4e-09,30,0.2,38.75,11.625,0.025375,0,0,0.0120271,3.57912e-08,331
2.4e-09,30,0.2,38.75,11.625,0.05025,0,0,0.00569315,7.17105e-07,332
2.4e-09,30,0.2,38.75,11.625,0.075125,0,0,0.00243364,4.24837e-06,333
2.4e-09,30,0.2,38.75,11.625,0.1,0,0,0.000248466,5.2581e-05,334
2.4e-09,30,0.2,38.75,19.375,0.0005,0,3.48317896258642,0.0474498,6.59587e-06,335
2.4e-09,30,0.2,38.75,19.375,0.025375,0,0,0.013269,4.0626e-07,336
2.4e-09,30,0.2,38.75,19.375,0.05025,0,0,0.00601153,1.43768e-06,337
2.4e-09,30,0.2,38.75,19.375,0.075125,0,0,0.00260847,1.43612e-05,338
2.4e-09,30,0.2,38.75,19.375,0.1,0,0,0.000422688,2.17546e-07,339
2.4e-09,30,0.2,38.75,27.125,0.0005,0,4.51293912461868,0.0809837,1.55634e-05,340
2.4e-09,30,0.2,38.75,27.125,0.025375,0,0,0.015122,2.67239e-07,341
2.4e-09,30,0.2,38.75,27.125,0.05025,0,0,0.0063877,9.56559e-07,342
2.4e-09,30,0.2,38.75,27.125,0.075125,0,0,0.00276411,1.04753e-06,343
2.4e-09,30,0.2,38.75,27.125,0.1,0,0,0.000555029,3.3318e-06,344
2.4e-09,30,0.2,38.75,34.875,0.0005,0,11.5993343052801,1.09186,6.81433e-05,345
2.4e-09,30,0.2,38.75,34.875,0.025375,0,0,0.0183148,4.53171e-08,346
2.4e-09,30,0.2,38.75,34.875,0.05025,0,0,0.00686007,7.66248e-07,347
2.4e-09,30,0.2,38.75,34.875,0.075125,0,0,0.00289998,5.79526e-07,348
2.4e-09,30,0.2,38.75,34.875,0.1,0,0,0.000650353,3.50866e-07,349
2.4e-09,30,0.2,45,4.5,0.0005,0,2.35142910445721,0.0184483,9.04215e-05,350
2.4e-09,30,0.2,45,4.5,0.025375,0,0,0.00938021,3.81523e-08,351
2.4e-09,30,0.2,45,4.5,0.05025,0,0,0.00503758,2.61661e-06,352
2.4e-09,30,0.2,45,4.5,0.075125,0,0,0.00229537,1.26908e-06,353
2.4e-09,30,0.2,45,4.5,0.1,0,0,0.000304369,6.88488e-05,354
2.4e-09,30,0.2,45,13.5,0.0005,0,3.18203654715615,0.0327927,0.000101356,355
2.4e-09,30,0.2,45,13.5,0.025375,0,0,0.010196,4.22252e-08,356
2.4e-09,30,0.2,45,13.5,0.05025,0,0,0.00533658,1.15871e-07,357
2.4e-09,30,0.2,45,13.5,0.075125,0,0,0.00253493,9.79493e-08,358
2.4e-09,30,0.2,45,13.5,0.1,0,0,0.000568297,2.36318e-06,359
2.4e-09,30,0.2,45,22.5,0.0005,0,3.5700590740764,0.051776,0.000107868,360
2.4e-09,30,0.2,45,22.5,0.025375,0,0,0.0113555,3.92714e-08,361
2.4e-09,30,0.2,45,22.5,0.05025,0,0,0.00565667,5.82928e-07,362
2.4e-09,30,0.2,45,22.5,0.075125,0,0,0.00274349,6.72666e-07,363
2.4e-09,30,0.2,45,22.5,0.1,0,0,0.000784308,1.87985e-06,364
2.4e-09,30,0.2,45,31.5,0.0005,0,4.21179670918842,0.0875869,0.000110463,365
2.4e-09,30,0.2,45,31.5,0.025375,0,0,0.0132273,1.55842e-07,366
2.4e-09,30,0.2,45,31.5,0.05025,0,0,0.00602307,4.47883e-07,367
2.4e-09,30,0.2,45,31.5,0.075125,0,0,0.00293157,6.688e-07,368
2.4e-09,30,0.2,45,31.5,0.1,0,0,0.000965556,1.30224e-05,369
2.4e-09,30,0.2,45,40.5,0.0005,0,4.80107050885962,0.292934,0.000108535,370
2.4e-09,30,0.2,45,40.5,0.025375,0,0,0.0171254,5.94143e-08,371
2.4e-09,30,0.2,45,40.5,0.05025,0,0,0.00646419,8.27109e-07,372
2.4e-09,30,0.2,45,40.5,0.075125,0,0,0.00307961,1.0429e-07,373
2.4e-09,30,0.2,45,40.5,0.1,0,0,0.0010861,3.07227e-06,374
2.4e-09,30,0.4,20,2,0.0005,0.109964199083943,17.7172470837041,0.177263,1.92912e-07,375
2.4e-09,30,0.4,20,2,0.025375,0,0,0.0165069,1.39839e-07,376
2.4e-09,30,0.4,20,2,0.05025,0,0,0.00750894,3.57674e-07,377
2.4e-09,30,0.4,20,2,0.075125,0,0,0.00292671,7.09015e-06,378
2.4e-09,30,0.4,20,2,0.1,0,0,0,0,379
2.4e-09,30,0.4,20,6,0.0005,0.135356695437296,17.9405331673402,0.258912,2.72976e-08,380
2.4e-09,30,0.4,20,6,0.025375,0,0,0.0173476,5.43544e-08,381
2.4e-09,30,0.4,20,6,0.05025,0,0,0.00777703,2.28427e-07,382
2.4e-09,30,0.4,20,6,0.075125,0,0,0.00302717,7.14695e-07,383
2.4e-09,30,0.4,20,6,0.1,0,0,0,0,384
2.4e-09,30,0.4,20,10,0.0005,0.173340512296444,18.1562644586728,0.388823,7.15914e-08,385
2.4e-09,30,0.4,20,10,0.025375,0,0,0.0183193,3.45653e-07,386
2.4e-09,30,0.4,20,10,0.05025,0,0,0.00807551,7.13432e-07,387
2.4e-09,30,0.4,20,10,0.075125,0,0,0.00312828,1.15823e-06,388
2.4e-09,30,0.4,20,10,0.1,0,0,0,0,389
2.4e-09,30,0.4,20,14,0.0005,0.230211309914285,18.3684282091955,0.593618,1.28128e-07,390
2.4e-09,30,0.4,20,14,0.025375,0,0,0.0194714,7.59407e-08,391
2.4e-09,30,0.4,20,14,0.05025,0,0,0.00841522,1.82542e-07,392
2.4e-09,30,0.4,20,14,0.075125,0,0,0.00323326,1.44281e-06,393
2.4e-09,30,0.4,20,14,0.1,0,0,0,0,394
2.4e-09,30,0.4,20,18,0.0005,0.319819540847192,18.5197339106068,0.841505,2.317e-07,395
2.4e-09,30,0.4,20,18,0.025375,0,0,0.0208745,4.32984e-08,396
2.4e-09,30,0.4,20,18,0.05025,0,0,0.00881006,1.16576e-07,397
2.4e-09,30,0.4,20,18,0.075125,0,0,0.00334254,4.14185e-06,398
2.4e-09,30,0.4,20,18,0.1,0,0,0,0,399
2.4e-09,30,0.4,26.25,2.625,0.0005,0,14.2619788815722,0.0798243,3.98783e-08,400
2.4e-09,30,0.4,26.25,2.625,0.025375,0,0,0.0143524,2.21761e-07,401
2.4e-09,30,0.4,26.25,2.625,0.05025,0,0,0.00658359,1.17126e-06,402
2.4e-09,30,0.4,26.25,2.625,0.075125,0,0,0.00233479,3.84994e-06,403
2.4e-09,30,0.4,26.25,2.625,0.1,0,0,0,0,404
2.4e-09,30,0.4,26.25,7.875,0.0005,0,15.2287824410755,0.116401,5.47083e-08,405
2.4e-09,30,0.4,26.25,7.875,0.025375,0,0,0.0151814,2.49985e-07,406
2.4e-09,30,0.4,26.25,7.875,0.05025,0,0,0.00685534,5.53166e-07,407
2.4e-09,30,0.4,26.25,7.875,0.075125,0,0,0.00243862,2.9407e-06,408
2.4e-09,30,0.4,26.25,7.875,0.1,0,0,0,0,409
2.4e-09,30,0.4,26.25,13.125,0.0005,0.146688883892511,17.0522155056564,0.271258,9.31759e-08,410
2.4e-09,30,0.4,26.25,13.125,0.025375,0,0,0.016193,1.60799e-07,411
2.4e-09,30,0.4,26.25,13.125,0.05025,0,0,0.00717322,3.36093e-08,412
2.4e-09,30,0.4,26.25,13.125,0.075125,0,0,0.00254713,4.12368e-06,413
2.4e-09,30,0.4,26.25,13.125,0.1,0,0,0,0,414
2.4e-09,30,0.4,26.25,18.375,0.0005,0.68328899278114,19.2548571728034,1.57015,1.38242e-07,415
2.4e-09,30,0.4,26.25,18.375,0.025375,0,0,0.0174677,3.30035e-07,416
2.4e-09,30,0.4,26.25,18.375,0.05025,0,0,0.00755069,3.00635e-08,417
2.4e-09,30,0.4,26.25,18.375,0.075125,0,0,0.00266351,3.63773e-06,418
2.4e-09,30,0.4,26.25,18.375,0.1,0,0,0,0,419
2.4e-09,30,0.4,26.25,23.625,0.0005,0.519391970864043,17.9766282861235,1.20807,4.56968e-08,420
2.4e-09,30,0.4,26.25,23.625,0.025375,0,0,0.0191559,2.23236e-07,421
2.4e-09,30,0.4,26.25,23.625,0.05025,0,0,0.00801701,6.01931e-07,422
2.4e-09,30,0.4,26.25,23.625,0.075125,0,0,0.0027889,3.07113e-06,423
2.4e-09,30,0.4,26.25,23.625,0.1,0,0,0,0,424
2.4e-09,30,0.4,32.5,3.25,0.0005,0,4.65815902111885,0.036758,1.21669e-08,425
2.4e-09,30,0.4,32.5,3.25,0.025375,0,0,0.0124316,3.76875e-07,426
2.4e-09,30,0.4,32.5,3.25,0.05025,0,0,0.00571957,2.56767e-06,427
2.4e-09,30,0.4,32.5,3.25,0.075125,0,0,0.00181887,3.94872e-06,428
2.4e-09,30,0.4,32.5,3.25,0.1,0,0,0,0,429
2.4e-09,30,0.4,32.5,9.75,0.0005,0,4.89571526799485,0.0439795,2.51423e-08,430
2.4e-09,30,0.4,32.5,9.75,0.025375,0,0,0.0132288,1.85072e-07,431
2.4e-09,30,0.4,32.5,9.75,0.05025,0,0,0.00599976,1.39705e-06,432
2.4e-09,30,0.4,32.5,9.75,0.075125,0,0,0.00196676,3.59038e-06,433
2.4e-09,30,0.4,32.5,9.75,0.1,0,0,0,0,434
2.4e-09,30,0.4,32.5,16.25,0.0005,0,8.78265590813375,0.08225,2.71923e-08,435
2.4e-09,30,0.4,32.5,16.25,0.025375,0,0,0.0142747,1.23533e-07,436
2.4e-09,30,0.4,32.5,16.25,0.05025,0,0,0.00632392,1.66248e-06,437
2.4e-09,30,0.4,32.5,16.25,0.075125,0,0,0.00210498,1.78757e-06,438
2.4e-09,30,0.4,32.5,16.25,0.1,0,0,0,0,439
2.4e-09,30,0.4,32.5,22.75,0.0005,0.206077945611511,15.7490138333066,0.502828,3.79204e-09,440
2.4e-09,30,0.4,32.5,22.75,0.025375,0,0,0.0157196,2.13171e-07,441
2.4e-09,30,0.4,32.5,22.75,0.05025,0,0,0.00671787,4.57759e-08,442
2.4e-09,30,0.4,32.5,22.75,0.075125,0,0,0.00223722,3.22522e-06,443
2.4e-09,30,0.4,32.5,22.75,0.1,0,0,0,0,444
2.4e-09,30,0.4,32.5,29.25,0.0005,0.25896149173585,14.2032193858785,0.618277,4.66119e-08,445
2.4e-09,30,0.4,32.5,29.25,0.025375,0,0,0.0178682,2.73135e-08,446
2.4e-09,30,0.4,32.5,29.25,0.05025,0,0,0.00722911,9.6813e-08,447
2.4e-09,30,0.4,32.5,29.25,0.075125,0,0,0.00236371,2.62437e-06,448
2.4e-09,30,0.4,32.5,29.25,0.1,0,0,0,0,449
2.4e-09,30,0.4,38.75,3.875,0.0005,0,3.57677444501283,0.0290497,5.68598e-08,450
2.4e-09,30,0.4,38.75,3.875,0.025375,0,0,0.0105333,5.76707e-08,451
2.4e-09,30,0.4,38.75,3.875,0.05025,0,0,0.00496035,2.41852e-06,452
2.4e-09,30,0.4,38.75,3.875,0.075125,0,0,0.00134121,2.41961e-07,453
2.4e-09,30,0.4,38.75,3.875,0.1,0,0,0,0,454
2.4e-09,30,0.4,38.75,11.625,0.0005,0,4.50202664684699,0.0425249,1.06899e-08,455
2.4e-09,30,0.4,38.75,11.625,0.025375,0,0,0.011274,4.66822e-08,456
2.4e-09,30,0.4,38.75,11.625,0.05025,0,0,0.00524511,5.26611e-06,457
2.4e-09,30,0.4,38.75,11.625,0.075125,0,0,0.00159089,3.90285e-06,458
2.4e-09,30,0.4,38.75,11.625,0.1,0,0,0,0,459
2.4e-09,30,0.4,38.75,19.375,0.0005,0,4.32176090827236,0.0507092,5.69465e-06,460
2.4e-09,30,0.4,38.75,19.375,0.025375,0,0,0.0123428,8.9058e-08,461
2.4e-09,30,0.4,38.75,19.375,0.05025,0,0,0.00556253,4.58505e-07,462
2.4e-09,30,0.4,38.75,19.375,0.075125,0,0,0.00179675,1.42695e-06,463
2.4e-09,30,0.4,38.75,19.375,0.1,0,0,0,0,464
2.4e-09,30,0.4,38.75,27.125,0.0005,0,4.78470179220209,0.074381,1.2148e-05,465
2.4e-09,30,0.4,38.75,27.125,0.025375,0,0,0.013973,1.6568e-07,466
2.4e-09,30,0.4,38.75,27.125,0.05025,0,0,0.00595987,3.37562e-07,467
2.4e-09,30,0.4,38.75,27.125,0.075125,0,0,0.00197864,1.06938e-06,468
2.4e-09,30,0.4,38.75,27.125,0.1,0,0,0,0,469
2.4e-09,30,0.4,38.75,34.875,0.0005,0.4094277717801,11.5395255328776,1.09713,3.0328e-05,470
2.4e-09,30,0.4,38.75,34.875,0.025375,0,0,0.0168045,1.84739e-08,471
2.4e-09,30,0.4,38.75,34.875,0.05025,0,0,0.00650032,1.9522e-06,472
2.4e-09,30,0.4,38.75,34.875,0.075125,0,0,0.00213545,1.2525e-06,473
2.4e-09,30,0.4,38.75,34.875,0.1,0,0,0,0,474
2.4e-09,30,0.4,45,4.5,0.0005,NaN,NaN,NaN,NaN,475
2.4e-09,30,0.4,45,4.5,0.025375,0,0,0.00871627,2.98494e-08,476
2.4e-09,30,0.4,45,4.5,0.05025,0,0,0.00424437,1.65021e-06,477
2.4e-09,30,0.4,45,4.5,0.075125,0,0,0.00102266,6.86524e-07,478
2.4e-09,30,0.4,45,4.5,0.1,0,0,0,0,479
2.4e-09,30,0.4,45,13.5,0.0005,0,3.4884253461305,0.0300201,8.18253e-05,480
2.4e-09,30,0.4,45,13.5,0.025375,0,0,0.00943363,2.38079e-08,481
2.4e-09,30,0.4,45,13.5,0.05025,0,0,0.00463484,7.80931e-07,482
2.4e-09,30,0.4,45,13.5,0.075125,0,0,0.00138398,3.54518e-06,483
2.4e-09,30,0.4,45,13.5,0.1,0,0,0,0,484
2.4e-09,30,0.4,45,22.5,0.0005,0,3.38748492674237,0.0409452,8.30892e-05,485
2.4e-09,30,0.4,45,22.5,0.025375,0,0,0.0105257,1.22213e-08,486
2.4e-09,30,0.4,45,22.5,0.05025,0,0,0.00501163,1.82296e-07,487
2.4e-09,30,0.4,45,22.5,0.075125,0,0,0.00167707,5.96732e-06,488
2.4e-09,30,0.4,45,22.5,0.1,0,0,8.93286e-06,1.2773e-06,489
2.4e-09,30,0.4,45,31.5,0.0005,0,3.67519660029979,0.0680043,8.15063e-05,490
2.4e-09,30,0.4,45,31.5,0.025375,0,0,0.0123237,1.5033e-08,491
2.4e-09,30,0.4,45,31.5,0.05025,0,0,0.0054198,6.82002e-07,492
2.4e-09,30,0.4,45,31.5,0.075125,0,0,0.00192054,5.72769e-06,493
2.4e-09,30,0.4,45,31.5,0.1,0,0,3.91517e-05,6.53119e-07,494
2.4e-09,30,0.4,45,40.5,0.0005,0,5.65140435368431,0.549252,7.67413e-05,495
2.4e-09,30,0.4,45,40.5,0.025375,0,0,0.0160601,2.13158e-08,496
2.4e-09,30,0.4,45,40.5,0.05025,0,0,0.00595126,4.31465e-08,497
2.4e-09,30,0.4,45,40.5,0.075125,0,0,0.00210755,1.39901e-06,498
2.4e-09,30,0.4,45,40.5,0.1,0,0,5.42061e-05,1.65386e-06,499
1.6e-09,100,0.2,20,2,0.0005,0,15.8409304729989,0.054048,8.72783e-09,500
1.6e-09,100,0.2,20,2,0.025375,0,0,0.00231623,6.00644e-09,501
1.6e-09,100,0.2,20,2,0.05025,0,0,0.000601584,2.29186e-07,502
1.6e-09,100,0.2,20,2,0.075125,0,0,0,0,503
1.6e-09,100,0.2,20,2,0.1,0,0,0,0,504
1.6e-09,100,0.2,20,6,0.0005,0,15.5299248565058,0.0570673,3.50861e-08,505
1.6e-09,100,0.2,20,6,0.025375,0,0,0.00242321,1.99479e-08,506
1.6e-09,100,0.2,20,6,0.05025,0,0,0.000623439,1.83439e-08,507
1.6e-09,100,0.2,20,6,0.075125,0,0,0,0,508
1.6e-09,100,0.2,20,6,0.1,0,0,0,0,509
1.6e-09,100,0.2,20,10,0.0005,0,16.3578041797618,0.0831922,2.74502e-09,510
1.6e-09,100,0.2,20,10,0.025375,0,0,0.00254474,3.1665e-08,511
1.6e-09,100,0.2,20,10,0.05025,0,0,0.000644468,1.37241e-07,512
1.6e-09,100,0.2,20,10,0.075125,0,0,0,0,513
1.6e-09,100,0.2,20,10,0.1,0,0,0,0,514
1.6e-09,100,0.2,20,14,0.0005,0.735752828221953,19.3201221840918,1.89996,6.08851e-10,515
1.6e-09,100,0.2,20,14,0.025375,0,0,0.00268516,2.12981e-08,516
1.6e-09,100,0.2,20,14,0.05025,0,0,0.000665953,3.81085e-07,517
1.6e-09,100,0.2,20,14,0.075125,0,0,0,0,518
1.6e-09,100,0.2,20,14,0.1,0,0,0,0,519
1.6e-09,100,0.2,20,18,0.0005,0.687695954958169,19.3083702849531,1.77989,1.31666e-08,520
1.6e-09,100,0.2,20,18,0.025375,0,0,0.00285154,2.52819e-07,521
1.6e-09,100,0.2,20,18,0.05025,0,0,0.000687598,1.25601e-07,522
1.6e-09,100,0.2,20,18,0.075125,0,0,0,0,523
1.6e-09,100,0.2,20,18,0.1,0,0,0,0,524
1.6e-09,100,0.2,26.25,2.625,0.0005,0,2.82780073025979,0.0110927,1.11436e-08,525
1.6e-09,100,0.2,26.25,2.625,0.025375,0,0,0.00200732,9.78159e-07,526
1.6e-09,100,0.2,26.25,2.625,0.05025,0,0,0.00051171,3.62519e-07,527
1.6e-09,100,0.2,26.25,2.625,0.075125,0,0,0,0,528
1.6e-09,100,0.2,26.25,2.625,0.1,0,0,0,0,529
1.6e-09,100,0.2,26.25,7.875,0.0005,0,5.41384810680831,0.0214182,2.31418e-08,530
1.6e-09,100,0.2,26.25,7.875,0.025375,0,0,0.00211785,1.90685e-07,531
1.6e-09,100,0.2,26.25,7.875,0.05025,0,0,0.000535822,8.71571e-07,532
1.6e-09,100,0.2,26.25,7.875,0.075125,0,0,0,0,533
1.6e-09,100,0.2,26.25,7.875,0.1,0,0,0,0,534
1.6e-09,100,0.2,26.25,13.125,0.0005,0,13.8580073486779,0.0814783,4.15331e-08,535
1.6e-09,100,0.2,26.25,13.125,0.025375,0,0,0.00224833,4.82268e-08,536
1.6e-09,100,0.2,26.25,13.125,0.05025,0,0,0.000558875,8.25782e-07,537
1.6e-09,100,0.2,26.25,13.125,0.075125,0,0,0,0,538
1.6e-09,100,0.2,26.25,13.125,0.1,0,0,0,0,539
1.6e-09,100,0.2,26.25,18.375,0.0005,0.505331662965905,17.5273279994084,1.15825,4.32484e-08,540
1.6e-09,100,0.2,26.25,18.375,0.025375,0,0,0.0024077,1.63707e-08,541
1.6e-09,100,0.2,26.25,18.375,0.05025,0,0,0.000582129,1.93259e-07,542
1.6e-09,100,0.2,26.25,18.375,0.075125,0,0,0,0,543
1.6e-09,100,0.2,26.25,18.375,0.1,0,0,0,0,544
1.6e-09,100,0.2,26.25,23.625,0.0005,0.473013940334364,17.3783307067565,1.1493,1.8478e-08,545
1.6e-09,100,0.2,26.25,23.625,0.025375,0,0,0.00261169,7.30868e-09,546
1.6e-09,100,0.2,26.25,23.625,0.05025,0,0,0.000605256,1.80341e-07,547
1.6e-09,100,0.2,26.25,23.625,0.075125,0,0,0,0,548
1.6e-09,100,0.2,26.25,23.625,0.1,0,0,0,0,549
1.6e-09,100,0.2,32.5,3.25,0.0005,0,0,0.00546368,1.30076e-08,550
1.6e-09,100,0.2,32.5,3.25,0.025375,0,0,0.00174439,6.19395e-08,551
1.6e-09,100,0.2,32.5,3.25,0.05025,0,0,0.000460658,2.33492e-06,552
1.6e-09,100,0.2,32.5,3.25,0.075125,0,0,0,0,553
1.6e-09,100,0.2,32.5,3.25,0.1,0,0,0,0,554
1.6e-09,100,0.2,32.5,9.75,0.0005,0,0,0.00719643,5.0195e-09,555
1.6e-09,100,0.2,32.5,9.75,0.025375,0,0,0.00184845,2.68805e-07,556
1.6e-09,100,0.2,32.5,9.75,0.05025,0,0,0.000491213,1.11481e-06,557
1.6e-09,100,0.2,32.5,9.75,0.075125,0,0,0,0,558
1.6e-09,100,0.2,32.5,9.75,0.1,0,0,0,0,559
1.6e-09,100,0.2,32.5,16.25,0.0005,0,3.33753935540272,0.0191741,1.74974e-08,560
1.6e-09,100,0.2,32.5,16.25,0.025375,0,0,0.00197617,6.71885e-08,561
1.6e-09,100,0.2,32.5,16.25,0.05025,0,0,0.000519764,5.99542e-08,562
1.6e-09,100,0.2,32.5,16.25,0.075125,0,0,0,0,563
1.6e-09,100,0.2,32.5,16.25,0.1,0,0,0,0,564
1.6e-09,100,0.2,32.5,22.75,0.0005,0,5.67553771798708,0.0487913,9.48904e-09,565
1.6e-09,100,0.2,32.5,22.75,0.025375,0,0,0.00214165,5.68842e-09,566
1.6e-09,100,0.2,32.5,22.75,0.05025,0,0,0.000546223,1.09459e-07,567
1.6e-09,100,0.2,32.5,22.75,0.075125,0,0,0,0,568
1.6e-09,100,0.2,32.5,22.75,0.1,0,0,0,0,569
1.6e-09,100,0.2,32.5,29.25,0.0005,0.372073520946241,14.4128648723,0.923287,2.28439e-08,570
1.6e-09,100,0.2,32.5,29.25,0.025375,0,0,0.00237486,2.34476e-07,571
1.6e-09,100,0.2,32.5,29.25,0.05025,0,0,0.00057061,5.21032e-08,572
1.6e-09,100,0.2,32.5,29.25,0.075125,0,0,0,0,573
1.6e-09,100,0.2,32.5,29.25,0.1,0,0,0,0,574
1.6e-09,100,0.2,38.75,3.875,0.0005,0,0,0.00467776,4.41388e-09,575
1.6e-09,100,0.2,38.75,3.875,0.025375,0,0,0.00153418,6.96786e-08,576
1.6e-09,100,0.2,38.75,3.875,0.05025,0,0,0.000441252,3.93954e-07,577
1.6e-09,100,0.2,38.75,3.875,0.075125,0,0,0,0,578
1.6e-09,100,0.2,38.75,3.875,0.1,0,0,0,0,579
1.6e-09,100,0.2,38.75,11.625,0.0005,0,0,0.00787083,5.18294e-10,580
1.6e-09,100,0.2,38.75,11.625,0.025375,0,0,0.00162811,1.07869e-07,581
1.6e-09,100,0.2,38.75,11.625,0.05025,0,0,0.000480115,5.88458e-07,582
1.6e-09,100,0.2,38.75,11.625,0.075125,0,0,0,0,583
1.6e-09,100,0.2,38.75,11.625,0.1,0,0,0,0,584
1.6e-09,100,0.2,38.75,19.375,0.0005,0,0,0.0118361,8.1619e-10,585
1.6e-09,100,0.2,38.75,19.375,0.025375,0,0,0.00174531,8.00918e-08,586
1.6e-09,100,0.2,38.75,19.375,0.05025,0,0,0.000515251,2.04801e-06,587
1.6e-09,100,0.2,38.75,19.375,0.075125,0,0,0,0,588
1.6e-09,100,0.2,38.75,19.375,0.1,0,0,0,0,589
1.6e-09,100,0.2,38.75,27.125,0.0005,0,0,0.0180415,1.60437e-06,590
1.6e-09,100,0.2,38.75,27.125,0.025375,0,0,0.0019039,2.30811e-08,591
1.6e-09,100,0.2,38.75,27.125,0.05025,0,0,0.000546489,2.72386e-08,592
1.6e-09,100,0.2,38.75,27.125,0.075125,0,0,0,0,593
1.6e-09,100,0.2,38.75,27.125,0.1,0,0,0,0,594
1.6e-09,100,0.2,38.75,34.875,0.0005,0,6.45053349511876,0.252939,1.21083e-05,595
1.6e-09,100,0.2,38.75,34.875,0.025375,0,0,0.00214618,6.14134e-08,596
1.6e-09,100,0.2,38.75,34.875,0.05025,0,0,0.000573734,1.75337e-07,597
1.6e-09,100,0.2,38.75,34.875,0.075125,0,0,0,0,598
1.6e-09,100,0.2,38.75,34.875,0.1,0,0,0,0,599
1.6e-09,100,0.2,45,4.5,0.0005,0,0,0.00376099,1.63825e-05,600
1.6e-09,100,0.2,45,4.5,0.025375,0,0,0.00137882,1.85766e-07,601
1.6e-09,100,0.2,45,4.5,0.05025,0,0,0.000452818,2.27971e-06,602
1.6e-09,100,0.2,45,4.5,0.075125,0,0,0,0,603
1.6e-09,100,0.2,45,4.5,0.1,0,0,0,0,604
1.6e-09,100,0.2,45,13.5,0.0005,0,0,0.00663685,1.87351e-05,605
1.6e-09,100,0.2,45,13.5,0.025375,0,0,0.00146607,2.53859e-08,606
1.6e-09,100,0.2,45,13.5,0.05025,0,0,0.000500931,2.17386e-07,607
1.6e-09,100,0.2,45,13.5,0.075125,0,0,0,0,608
1.6e-09,100,0.2,45,13.5,0.1,0,0,0,0,609
1.6e-09,100,0.2,45,22.5,0.0005,0,0,0.0105809,2.0192e-05,610
1.6e-09,100,0.2,45,22.5,0.025375,0,0,0.00157115,9.71874e-09,611
1.6e-09,100,0.2,45,22.5,0.05025,0,0,0.000542815,1.70946e-06,612
1.6e-09,100,0.2,45,22.5,0.075125,0,0,0,0,613
1.6e-09,100,0.2,45,22.5,0.1,0,0,0,0,614
1.6e-09,100,0.2,45,31.5,0.0005,0,0,0.0190946,2.08529e-05,615
1.6e-09,100,0.2,45,31.5,0.025375,0,0,0.00171462,9.58706e-09,616
1.6e-09,100,0.2,45,31.5,0.05025,0,0,0.000580572,2.69454e-08,617
1.6e-09,100,0.2,45,31.5,0.075125,0,0,3.55856e-05,7.1083e-06,618
1.6e-09,100,0.2,45,31.5,0.1,0,0,0,0,619
1.6e-09,100,0.2,45,40.5,0.0005,0,2.88928834539642,0.100979,2.0628e-05,620
1.6e-09,100,0.2,45,40.5,0.025375,0,0,0.00194432,2.56588e-09,621
1.6e-09,100,0.2,45,40.5,0.05025,0,0,0.000610323,6.83028e-07,622
1.6e-09,100,0.2,45,40.5,0.075125,0,0,6.12075e-05,1.4597e-05,623
1.6e-09,100,0.2,45,40.5,0.1,0,0,0,0,624
1.6e-09,100,0.4,20,2,0.0005,0,13.7986182869589,0.0353182,1.84165e-08,625
1.6e-09,100,0.4,20,2,0.025375,0,0,0.00218996,2.6435e-08,626
1.6e-09,100,0.4,20,2,0.05025,0,0,0.000580848,1.12366e-06,627
1.6e-09,100,0.4,20,2,0.075125,0,0,0,0,628
1.6e-09,100,0.4,20,2,0.1,0,0,0,0,629
1.6e-09,100,0.4,20,6,0.0005,0,13.9906359246723,0.0404565,2.67414e-08,630
1.6e-09,100,0.4,20,6,0.025375,0,0,0.00228164,3.15865e-08,631
1.6e-09,100,0.4,20,6,0.05025,0,0,0.000601077,6.8963e-08,632
1.6e-09,100,0.4,20,6,0.075125,0,0,0,0,633
1.6e-09,100,0.4,20,6,0.1,0,0,0,0,634
1.6e-09,100,0.4,20,10,0.0005,0,14.9312075664552,0.0558547,2.32712e-08,635
1.6e-09,100,0.4,20,10,0.025375,0,0,0.0023862,3.66008e-08,636
1.6e-09,100,0.4,20,10,0.05025,0,0,0.000621415,2.78755e-08,637
1.6e-09,100,0.4,20,10,0.075125,0,0,0,0,638
1.6e-09,100,0.4,20,10,0.1,0,0,0,0,639
1.6e-09,100,0.4,20,14,0.0005,0,15.4980268445577,0.0873719,9.30709e-09,640
1.6e-09,100,0.4,20,14,0.025375,0,0,0.00250772,6.90893e-08,641
1.6e-09,100,0.4,20,14,0.05025,0,0,0.000642491,9.76681e-08,642
1.6e-09,100,0.4,20,14,0.075125,0,0,0,0,643
1.6e-09,100,0.4,20,14,0.1,0,0,0,0,644
1.6e-09,100,0.4,20,18,0.0005,0,15.7945524424692,0.135477,4.05647e-08,645
1.6e-09,100,0.4,20,18,0.025375,0,0,0.00265225,1.16298e-07,646
1.6e-09,100,0.4,20,18,0.05025,0,0,0.000664465,6.54837e-07,647
1.6e-09,100,0.4,20,18,0.075125,0,0,0,0,648
1.6e-09,100,0.4,20,18,0.1,0,0,0,0,649
1.6e-09,100,0.4,26.25,2.625,0.0005,0,6.54601767562104,0.0207651,2.5051e-08,650
1.6e-09,100,0.4,26.25,2.625,0.025375,0,0,0.00193092,2.36685e-07,651
1.6e-09,100,0.4,26.25,2.625,0.05025,0,0,0.000462533,4.59187e-07,652
1.6e-09,100,0.4,26.25,2.625,0.075125,0,0,0,0,653
1.6e-09,100,0.4,26.25,2.625,0.1,0,0,0,0,654
1.6e-09,100,0.4,26.25,7.875,0.0005,0,7.85425587617314,0.0271531,9.52653e-09,655
1.6e-09,100,0.4,26.25,7.875,0.025375,0,0,0.00202332,9.82926e-08,656
1.6e-09,100,0.4,26.25,7.875,0.05025,0,0,0.000483301,2.57399e-07,657
1.6e-09,100,0.4,26.25,7.875,0.075125,0,0,0,0,658
1.6e-09,100,0.4,26.25,7.875,0.1,0,0,0,0,659
1.6e-09,100,0.4,26.25,13.125,0.0005,0,13.1134405961019,0.0630773,4.21042e-09,660
1.6e-09,100,0.4,26.25,13.125,0.025375,0,0,0.00213443,5.6804e-08,661
1.6e-09,100,0.4,26.25,13.125,0.05025,0,0,0.000505029,5.95973e-07,662
1.6e-09,100,0.4,26.25,13.125,0.075125,0,0,0,0,663
1.6e-09,100,0.4,26.25,13.125,0.1,0,0,0,0,664
1.6e-09,100,0.4,26.25,18.375,0.0005,0,14.9209246547088,0.142418,1.05877e-08,665
1.6e-09,100,0.4,26.25,18.375,0.025375,0,0,0.00227204,1.78641e-07,666
1.6e-09,100,0.4,26.25,18.375,0.05025,0,0,0.000527971,4.80388e-07,667
1.6e-09,100,0.4,26.25,18.375,0.075125,0,0,0,0,668
1.6e-09,100,0.4,26.25,18.375,0.1,0,0,0,0,669
1.6e-09,100,0.4,26.25,23.625,0.0005,0.0990517213122538,14.9240724848353,0.211822,2.0087e-08,670
1.6e-09,100,0.4,26.25,23.625,0.025375,0,0,0.00245043,5.6205e-09,671
1.6e-09,100,0.4,26.25,23.625,0.05025,0,0,0.000553703,3.78361e-07,672
1.6e-09,100,0.4,26.25,23.625,0.075125,0,0,0,0,673
1.6e-09,100,0.4,26.25,23.625,0.1,0,0,0,0,674
1.6e-09,100,0.4,32.5,3.25,0.0005,0,0,0.00639194,2.48512e-09,675
1.6e-09,100,0.4,32.5,3.25,0.025375,0,0,0.00168494,1.96305e-08,676
1.6e-09,100,0.4,32.5,3.25,0.05025,0,0,0.000359002,4.0517e-07,677
1.6e-09,100,0.4,32.5,3.25,0.075125,0,0,0,0,678
1.6e-09,100,0.4,32.5,3.25,0.1,0,0,0,0,679
1.6e-09,100,0.4,32.5,9.75,0.0005,0,0,0.00831777,1.56393e-08,680
1.6e-09,100,0.4,32.5,9.75,0.025375,0,0,0.00177509,3.8265e-08,681
1.6e-09,100,0.4,32.5,9.75,0.05025,0,0,0.000388842,4.21423e-07,682
1.6e-09,100,0.4,32.5,9.75,0.075125,0,0,0,0,683
1.6e-09,100,0.4,32.5,9.75,0.1,0,0,0,0,684
1.6e-09,100,0.4,32.5,16.25,0.0005,0,2.61836509918006,0.0164111,1.14652e-08,685
1.6e-09,100,0.4,32.5,16.25,0.025375,0,0,0.0018885,1.03057e-07,686
1.6e-09,100,0.4,32.5,16.25,0.05025,0,0,0.000416643,1.62111e-07,687
1.6e-09,100,0.4,32.5,16.25,0.075125,0,0,0,0,688
1.6e-09,100,0.4,32.5,16.25,0.1,0,0,0,0,689
1.6e-09,100,0.4,32.5,22.75,0.0005,0,10.43295831576,0.10455,2.87189e-09,690
1.6e-09,100,0.4,32.5,22.75,0.025375,0,0,0.00203871,4.37467e-08,691
1.6e-09,100,0.4,32.5,22.75,0.05025,0,0,0.000443197,4.42791e-07,692
1.6e-09,100,0.4,32.5,22.75,0.075125,0,0,0,0,693
1.6e-09,100,0.4,32.5,22.75,0.1,0,0,0,0,694
1.6e-09,100,0.4,32.5,29.25,0.0005,0.330102452593591,13.9524422524714,0.833367,3.42037e-08,695
1.6e-09,100,0.4,32.5,29.25,0.025375,0,0,0.00225279,6.37818e-08,696
1.6e-09,100,0.4,32.5,29.25,0.05025,0,0,0.000468573,3.67882e-07,697
1.6e-09,100,0.4,32.5,29.25,0.075125,0,0,0,0,698
1.6e-09,100,0.4,32.5,29.25,0.1,0,0,0,0,699
1.6e-09,100,0.4,38.75,3.875,0.0005,0,0,0.00439202,1.04997e-08,700
1.6e-09,100,0.4,38.75,3.875,0.025375,0,0,0.00146177,2.74621e-08,701
1.6e-09,100,0.4,38.75,3.875,0.05025,0,0,0.000263161,7.31761e-08,702
1.6e-09,100,0.4,38.75,3.875,0.075125,0,0,0,0,703
1.6e-09,100,0.4,38.75,3.875,0.1,0,0,0,0,704
1.6e-09,100,0.4,38.75,11.625,0.0005,0,0,0.00880605,1.43212e-10,705
1.6e-09,100,0.4,38.75,11.625,0.025375,0,0,0.00154869,1.44288e-07,706
1.6e-09,100,0.4,38.75,11.625,0.05025,0,0,0.000313666,6.5873e-07,707
1.6e-09,100,0.4,38.75,11.625,0.075125,0,0,0,0,708
1.6e-09,100,0.4,38.75,11.625,0.1,0,0,0,0,709
1.6e-09,100,0.4,38.75,19.375,0.0005,0,0,0.00977543,5.98731e-09,710
1.6e-09,100,0.4,38.75,19.375,0.025375,0,0,0.00165873,4.56386e-08,711
1.6e-09,100,0.4,38.75,19.375,0.05025,0,0,0.000355168,1.30602e-07,712
1.6e-09,100,0.4,38.75,19.375,0.075125,0,0,0,0,713
1.6e-09,100,0.4,38.75,19.375,0.1,0,0,0,0,714
1.6e-09,100,0.4,38.75,27.125,0.0005,0,0,0.014071,1.30185e-06,715
1.6e-09,100,0.4,38.75,27.125,0.025375,0,0,0.00181332,1.13234e-07,716
1.6e-09,100,0.4,38.75,27.125,0.05025,0,0,0.000391734,2.23728e-07,717
1.6e-09,100,0.4,38.75,27.125,0.075125,0,0,0,0,718
1.6e-09,100,0.4,38.75,27.125,0.1,0,0,0,0,719
1.6e-09,100,0.4,38.75,34.875,0.0005,0.126332915741476,8.48403175680465,0.422039,7.62369e-06,720
1.6e-09,100,0.4,38.75,34.875,0.025375,0,0,0.00205809,8.9684e-08,721
1.6e-09,100,0.4,38.75,34.875,0.05025,0,0,0.000423226,6.29962e-08,722
1.6e-09,100,0.4,38.75,34.875,0.075125,0,0,0,0,723
1.6e-09,100,0.4,38.75,34.875,0.1,0,0,0,0,724
1.6e-09,100,0.4,45,4.5,0.0005,NaN,NaN,NaN,NaN,725
1.6e-09,100,0.4,45,4.5,0.025375,0,0,0.00127005,5.71167e-09,726
1.6e-09,100,0.4,45,4.5,0.05025,0,0,0.000199952,7.72036e-08,727
1.6e-09,100,0.4,45,4.5,0.075125,0,0,0,0,728
1.6e-09,100,0.4,45,4.5,0.1,0,0,0,0,729
1.6e-09,100,0.4,45,13.5,0.0005,0,0,0.00560386,1.51879e-05,730
1.6e-09,100,0.4,45,13.5,0.025375,0,0,0.00135142,4.23341e-09,731
1.6e-09,100,0.4,45,13.5,0.05025,0,0,0.00027268,5.65637e-07,732
1.6e-09,100,0.4,45,13.5,0.075125,0,0,0,0,733
1.6e-09,100,0.4,45,13.5,0.1,0,0,0,0,734
1.6e-09,100,0.4,45,22.5,0.0005,0,0,0.00937384,1.55857e-05,735
1.6e-09,100,0.4,45,22.5,0.025375,0,0,0.001458,9.36147e-09,736
1.6e-09,100,0.4,45,22.5,0.05025,0,0,0.000331685,1.115e-06,737
1.6e-09,100,0.4,45,22.5,0.075125,0,0,0,0,738
1.6e-09,100,0.4,45,22.5,0.1,0,0,0,0,739
1.6e-09,100,0.4,45,31.5,0.0005,0,0,0.0131941,1.53962e-05,740
1.6e-09,100,0.4,45,31.5,0.025375,0,0,0.00161056,6.82676e-09,741
1.6e-09,100,0.4,45,31.5,0.05025,0,0,0.000380621,1.07124e-06,742
1.6e-09,100,0.4,45,31.5,0.075125,0,0,0,0,743
1.6e-09,100,0.4,45,31.5,0.1,0,0,0,0,744
1.6e-09,100,0.4,45,40.5,0.0005,0,2.95119567121658,0.0964037,1.45604e-05,745
1.6e-09,100,0.4,45,40.5,0.025375,0,0,0.00187262,2.34788e-08,746
1.6e-09,100,0.4,45,40.5,0.05025,0,0,0.000418225,1.165e-07,747
1.6e-09,100,0.4,45,40.5,0.075125,0,0,0,0,748
1.6e-09,100,0.4,45,40.5,0.1,0,0,0,0,749
2.4e-09,100,0.2,20,2,0.0005,0,16.1632682779472,0.0688404,2.88219e-08,750
2.4e-09,100,0.2,20,2,0.025375,0,0,0.00537877,2.44813e-08,751
2.4e-09,100,0.2,20,2,0.05025,0,0,0.00234631,1.33733e-07,752
2.4e-09,100,0.2,20,2,0.075125,0,0,0.000914632,1.23458e-06,753
2.4e-09,100,0.2,20,2,0.1,0,0,3.3567e-05,2.55405e-06,754
2.4e-09,100,0.2,20,6,0.0005,0,16.4274761532272,0.0819402,1.02444e-07,755
2.4e-09,100,0.2,20,6,0.025375,0,0,0.00567952,2.00755e-08,756
2.4e-09,100,0.2,20,6,0.05025,0,0,0.00243757,6.81709e-08,757
2.4e-09,100,0.2,20,6,0.075125,0,0,0.000946741,7.71852e-07,758
2.4e-09,100,0.2,20,6,0.1,0,0,5.32778e-05,8.63403e-06,759
2.4e-09,100,0.2,20,10,0.0005,0.113112029210391,18.744698836977,0.246134,3.07277e-08,760
2.4e-09,100,0.2,20,10,0.025375,0,0,0.00602714,1.42629e-08,761
2.4e-09,100,0.2,20,10,0.05025,0,0,0.00253863,4.91375e-07,762
2.4e-09,100,0.2,20,10,0.075125,0,0,0.000979147,4.99551e-07,763
2.4e-09,100,0.2,20,10,0.1,0,0,6.99909e-05,1.34392e-05,764
2.4e-09,100,0.2,20,14,0.0005,0.0971630232363845,17.4683586483729,0.20847,2.95362e-08,765
2.4e-09,100,0.2,20,14,0.025375,0,0,0.00643863,2.46795e-08,766
2.4e-09,100,0.2,20,14,0.05025,0,0,0.00265329,4.58411e-07,767
2.4e-09,100,0.2,20,14,0.075125,0,0,0.00101167,2.21504e-07,768
2.4e-09,100,0.2,20,14,0.1,0,0,8.37864e-05,1.74494e-05,769
2.4e-09,100,0.2,20,18,0.0005,0.129900456551451,17.7587984413732,0.342041,1.16269e-07,770
2.4e-09,100,0.2,20,18,0.025375,0,0,0.00693771,7.83439e-09,771
2.4e-09,100,0.2,20,18,0.05025,0,0,0.00278658,1.1287e-07,772
2.4e-09,100,0.2,20,18,0.075125,0,0,0.00104471,1.37026e-06,773
2.4e-09,100,0.2,20,18,0.1,0,0,9.46739e-05,2.06241e-05,774
2.4e-09,100,0.2,26.25,2.625,0.0005,0,3.47520445959941,0.0150717,2.90737e-09,775
2.4e-09,100,0.2,26.25,2.625,0.025375,0,0,0.00460599,1.0724e-08,776
2.4e-09,100,0.2,26.25,2.625,0.05025,0,0,0.00203956,4.93006e-07,777
2.4e-09,100,0.2,26.25,2.625,0.075125,0,0,0.000776904,2.42772e-07,778
2.4e-09,100,0.2,26.25,2.625,0.1,0,0,0,0,779
2.4e-09,100,0.2,26.25,7.875,0.0005,0,5.23547106630955,0.0229763,5.29554e-08,780
2.4e-09,100,0.2,26.25,7.875,0.025375,0,0,0.00491209,1.14295e-07,781
2.4e-09,100,0.2,26.25,7.875,0.05025,0,0,0.00213242,2.01303e-07,782
2.4e-09,100,0.2,26.25,7.875,0.075125,0,0,0.000813045,5.39178e-07,783
2.4e-09,100,0.2,26.25,7.875,0.1,0,0,3.20469e-06,4.07661e-07,784
2.4e-09,100,0.2,26.25,13.125,0.0005,0,14.9414904782016,0.114895,1.47494e-08,785
2.4e-09,100,0.2,26.25,13.125,0.025375,0,0,0.00527929,3.63091e-08,786
2.4e-09,100,0.2,26.25,13.125,0.05025,0,0,0.00223685,2.25375e-07,787
2.4e-09,100,0.2,26.25,13.125,0.075125,0,0,0.000848016,2.13043e-06,788
2.4e-09,100,0.2,26.25,13.125,0.1,0,0,3.27636e-05,2.92956e-06,789
2.4e-09,100,0.2,26.25,18.375,0.0005,0.100940419388123,15.823092768949,0.19694,4.99797e-08,790
2.4e-09,100,0.2,26.25,18.375,0.025375,0,0,0.00573867,1.44466e-08,791
2.4e-09,100,0.2,26.25,18.375,0.05025,0,0,0.00235908,1.26127e-07,792
2.4e-09,100,0.2,26.25,18.375,0.075125,0,0,0.000883947,9.43455e-07,793
2.4e-09,100,0.2,26.25,18.375,0.1,0,0,5.62414e-05,1.00493e-05,794
2.4e-09,100,0.2,26.25,23.625,0.0005,0.195585178523349,16.5068014724137,0.430031,1.15911e-07,795
2.4e-09,100,0.2,26.25,23.625,0.025375,0,0,0.00634181,1.19011e-08,796
2.4e-09,100,0.2,26.25,23.625,0.05025,0,0,0.00250739,4.89662e-07,797
2.4e-09,100,0.2,26.25,23.625,0.075125,0,0,0.000918851,1.62655e-07,798
2.4e-09,100,0.2,26.25,23.625,0.1,0,0,7.43348e-05,1.53532e-05,799
2.4e-09,100,0.2,32.5,3.25,0.0005,0,0,0.0110365,1.89321e-08,800
2.4e-09,100,0.2,32.5,3.25,0.025375,0,0,0.00393677,8.81167e-09,801
2.4e-09,100,0.2,32.5,3.25,0.05025,0,0,0.00179348,6.80212e-08,802
2.4e-09,100,0.2,32.5,3.25,0.075125,0,0,0.000699585,3.08149e-07,803
2.4e-09,100,0.2,32.5,3.25,0.1,0,0,0,0,804
2.4e-09,100,0.2,32.5,9.75,0.0005,0,2.51616554774136,0.016014,5.06176e-09,805
2.4e-09,100,0.2,32.5,9.75,0.025375,0,0,0.00423882,1.92152e-07,806
2.4e-09,100,0.2,32.5,9.75,0.05025,0,0,0.00188461,2.41562e-07,807
2.4e-09,100,0.2,32.5,9.75,0.075125,0,0,0.00074569,2.50351e-06,808
2.4e-09,100,0.2,32.5,9.75,0.1,0,0,1.4344e-05,4.09829e-06,809
2.4e-09,100,0.2,32.5,16.25,0.0005,0,3.7110818637413,0.0240336,5.53252e-09,810
2.4e-09,100,0.2,32.5,16.25,0.025375,0,0,0.00462341,1.25281e-08,811
2.4e-09,100,0.2,32.5,16.25,0.05025,0,0,0.00198656,4.89889e-07,812
2.4e-09,100,0.2,32.5,16.25,0.075125,0,0,0.000788582,1.25958e-06,813
2.4e-09,100,0.2,32.5,16.25,0.1,0,0,5.5816e-05,1.02352e-05,814
2.4e-09,100,0.2,32.5,22.75,0.0005,0,4.42102248492638,0.0359345,6.85794e-09,815
2.4e-09,100,0.2,32.5,22.75,0.025375,0,0,0.00514387,6.41793e-09,816
2.4e-09,100,0.2,32.5,22.75,0.05025,0,0,0.00210591,2.33965e-07,817
2.4e-09,100,0.2,32.5,22.75,0.075125,0,0,0.000828337,8.77039e-07,818
2.4e-09,100,0.2,32.5,22.75,0.1,0,0,8.86543e-05,1.97717e-05,819
2.4e-09,100,0.2,32.5,29.25,0.0005,0.24280263042008,13.7946310354654,0.622225,8.10744e-08,820
2.4e-09,100,0.2,32.5,29.25,0.025375,0,0,0.00590934,1.77495e-08,821
2.4e-09,100,0.2,32.5,29.25,0.05025,0,0,0.00225555,1.54177e-07,822
2.4e-09,100,0.2,32.5,29.25,0.075125,0,0,0.000865338,3.03262e-07,823
2.4e-09,100,0.2,32.5,29.25,0.1,0,0,0.000112861,1.77484e-07,824
2.4e-09,100,0.2,38.75,3.875,0.0005,0,0,0.00706291,1.30919e-09,825
2.4e-09,100,0.2,38.75,3.875,0.025375,0,0,0.00334239,1.07806e-07,826
2.4e-09,100,0.2,38.75,3.875,0.05025,0,0,0.00161951,1.4518e-07,827
2.4e-09,100,0.2,38.75,3.875,0.075125,0,0,0.000669857,1.19554e-06,828
2.4e-09,100,0.2,38.75,3.875,0.1,0,0,5.27009e-06,1.23423e-06,829
2.4e-09,100,0.2,38.75,11.625,0.0005,0,0,0.0134177,1.95256e-10,830
2.4e-09,100,0.2,38.75,11.625,0.025375,0,0,0.00361905,1.70236e-08,831
2.4e-09,100,0.2,38.75,11.625,0.05025,0,0,0.00170783,6.58718e-08,832
2.4e-09,100,0.2,38.75,11.625,0.075125,0,0,0.000728142,1.5355e-06,833
2.4e-09,100,0.2,38.75,11.625,0.1,0,0,7.22282e-05,1.51178e-05,834
2.4e-09,100,0.2,38.75,19.375,0.0005,0,0,0.0142898,1.9788e-06,835
2.4e-09,100,0.2,38.75,19.375,0.025375,0,0,0.0039967,2.24577e-08,836
2.4e-09,100,0.2,38.75,19.375,0.05025,0,0,0.00180435,1.96649e-07,837
2.4e-09,100,0.2,38.75,19.375,0.075125,0,0,0.000780832,1.48272e-07,838
2.4e-09,100,0.2,38.75,19.375,0.1,0,0,0.000124662,3.02568e-05,839
2.4e-09,100,0.2,38.75,27.125,0.0005,0,0,0.026164,4.67093e-06,840
2.4e-09,100,0.2,38.75,27.125,0.025375,0,0,0.00456171,2.19531e-08,841
2.4e-09,100,0.2,38.75,27.125,0.05025,0,0,0.00191881,4.05607e-08,842
2.4e-09,100,0.2,38.75,27.125,0.075125,0,0,0.000827828,4.20873e-07,843
2.4e-09,100,0.2,38.75,27.125,0.1,0,0,0.00016456,8.88985e-07,844
2.4e-09,100,0.2,38.75,34.875,0.0005,0.18278400267579,9.13290447353662,0.571575,2.02969e-05,845
2.4e-09,100,0.2,38.75,34.875,0.025375,0,0,0.00553867,4.82402e-08,846
2.4e-09,100,0.2,38.75,34.875,0.05025,0,0,0.00206257,9.41379e-09,847
2.4e-09,100,0.2,38.75,34.875,0.075125,0,0,0.000869011,6.14611e-08,848
2.4e-09,100,0.2,38.75,34.875,0.1,0,0,0.000193307,2.10899e-06,849
2.4e-09,100,0.2,45,4.5,0.0005,0,0,0.00553246,2.71268e-05,850
2.4e-09,100,0.2,45,4.5,0.025375,0,0,0.00281904,2.27072e-08,851
2.4e-09,100,0.2,45,4.5,0.05025,0,0,0.00150989,4.77326e-08,852
2.4e-09,100,0.2,45,4.5,0.075125,0,0,0.000686253,5.06272e-07,853
2.4e-09,100,0.2,45,4.5,0.1,0,0,8.88487e-05,1.99566e-05,854
2.4e-09,100,0.2,45,13.5,0.0005,0,0,0.0115665,3.0411e-05,855
2.4e-09,100,0.2,45,13.5,0.025375,0,0,0.00306616,8.65373e-08,856
2.4e-09,100,0.2,45,13.5,0.05025,0,0,0.00160043,2.95625e-07,857
2.4e-09,100,0.2,45,13.5,0.075125,0,0,0.000758404,3.22774e-07,858
2.4e-09,100,0.2,45,13.5,0.1,0,0,0.000168216,5.90093e-07,859
2.4e-09,100,0.2,45,22.5,0.0005,0,0,0.0157438,3.23609e-05,860
2.4e-09,100,0.2,45,22.5,0.025375,0,0,0.00341818,1.83496e-08,861
2.4e-09,100,0.2,45,22.5,0.05025,0,0,0.0016972,2.94415e-07,862
2.4e-09,100,0.2,45,22.5,0.075125,0,0,0.000821314,2.78773e-07,863
2.4e-09,100,0.2,45,22.5,0.1,0,0,0.000233141,4.6661e-07,864
2.4e-09,100,0.2,45,31.5,0.0005,0,0,0.0220089,3.31393e-05,865
2.4e-09,100,0.2,45,31.5,0.025375,0,0,0.0039878,5.29611e-08,866
2.4e-09,100,0.2,45,31.5,0.05025,0,0,0.00180857,1.26863e-07,867
2.4e-09,100,0.2,45,31.5,0.075125,0,0,0.000878195,2.63154e-07,868
2.4e-09,100,0.2,45,31.5,0.1,0,0,0.000287689,3.80176e-06,869
2.4e-09,100,0.2,45,40.5,0.0005,0,3.7316476872341,0.203744,3.26011e-05,870
2.4e-09,100,0.2,45,40.5,0.025375,0,0,0.00518178,1.05154e-08,871
2.4e-09,100,0.2,45,40.5,0.05025,0,0,0.0019428,4.49872e-07,872
2.4e-09,100,0.2,45,40.5,0.075125,0,0,0.000923336,2.09754e-07,873
2.4e-09,100,0.2,45,40.5,0.1,0,0,0.000324032,8.71418e-07,874
2.4e-09,100,0.4,20,2,0.0005,0,15.1406431975349,0.0513065,2.2842e-08,875
2.4e-09,100,0.4,20,2,0.025375,0,0,0.00497617,2.45816e-08,876
2.4e-09,100,0.4,20,2,0.05025,0,0,0.00226215,5.95581e-08,877
2.4e-09,100,0.4,20,2,0.075125,0,0,0.000881536,2.37914e-06,878
2.4e-09,100,0.4,20,2,0.1,0,0,0,0,879
2.4e-09,100,0.4,20,6,0.0005,0,15.6380003575138,0.0646892,7.29994e-08,880
2.4e-09,100,0.4,20,6,0.025375,0,0,0.00523426,6.95753e-09,881
2.4e-09,100,0.4,20,6,0.05025,0,0,0.00234359,5.85216e-08,882
2.4e-09,100,0.4,20,6,0.075125,0,0,0.000911927,1.25541e-07,883
2.4e-09,100,0.4,20,6,0.1,0,0,0,0,884
2.4e-09,100,0.4,20,10,0.0005,0,15.8971717045914,0.0881208,2.10419e-07,885
2.4e-09,100,0.4,20,10,0.025375,0,0,0.00553347,1.90447e-07,886
2.4e-09,100,0.4,20,10,0.05025,0,0,0.00243448,3.97644e-07,887
2.4e-09,100,0.4,20,10,0.075125,0,0,0.000942741,2.30463e-07,888
2.4e-09,100,0.4,20,10,0.1,0,0,0,0,889
2.4e-09,100,0.4,20,14,0.0005,0.848864857432344,18.840392872821,2.22299,1.84502e-07,890
2.4e-09,100,0.4,20,14,0.025375,0,0,0.00588934,1.65399e-08,891
2.4e-09,100,0.4,20,14,0.05025,0,0,0.00253831,2.25198e-07,892
2.4e-09,100,0.4,20,14,0.075125,0,0,0.000974724,1.06062e-06,893
2.4e-09,100,0.4,20,14,0.1,0,0,0,0,894
2.4e-09,100,0.4,20,18,0.0005,0,16.5800409866891,0.219862,1.7701e-08,895
2.4e-09,100,0.4,20,18,0.025375,0,0,0.00632369,4.35376e-08,896
2.4e-09,100,0.4,20,18,0.05025,0,0,0.00265905,1.79683e-07,897
2.4e-09,100,0.4,20,18,0.075125,0,0,0.00100799,1.74513e-06,898
2.4e-09,100,0.4,20,18,0.1,0,0,0,0,899
2.4e-09,100,0.4,26.25,2.625,0.0005,0,8.33881186030448,0.0272568,8.27165e-10,900
2.4e-09,100,0.4,26.25,2.625,0.025375,0,0,0.00432432,3.71808e-08,901
2.4e-09,100,0.4,26.25,2.625,0.05025,0,0,0.00198137,3.70148e-07,902
2.4e-09,100,0.4,26.25,2.625,0.075125,0,0,0.000702544,1.62622e-06,903
2.4e-09,100,0.4,26.25,2.625,0.1,0,0,0,0,904
2.4e-09,100,0.4,26.25,7.875,0.0005,0,10.9021948599426,0.0386887,1.33394e-10,905
2.4e-09,100,0.4,26.25,7.875,0.025375,0,0,0.00457832,6.93682e-08,906
2.4e-09,100,0.4,26.25,7.875,0.05025,0,0,0.00206482,2.74837e-07,907
2.4e-09,100,0.4,26.25,7.875,0.075125,0,0,0.000734221,1.05453e-06,908
2.4e-09,100,0.4,26.25,7.875,0.1,0,0,0,0,909
2.4e-09,100,0.4,26.25,13.125,0.0005,0,14.3077273460766,0.0891061,5.7195e-09,910
2.4e-09,100,0.4,26.25,13.125,0.025375,0,0,0.00488892,7.99315e-09,911
2.4e-09,100,0.4,26.25,13.125,0.05025,0,0,0.00216186,4.00385e-07,912
2.4e-09,100,0.4,26.25,13.125,0.075125,0,0,0.000767244,3.1931e-08,913
2.4e-09,100,0.4,26.25,13.125,0.1,0,0,0,0,914
2.4e-09,100,0.4,26.25,18.375,0.0005,0.621591522302745,17.4182032216915,1.47313,6.0949e-09,915
2.4e-09,100,0.4,26.25,18.375,0.025375,0,0,0.0052814,1.08065e-08,916
2.4e-09,100,0.4,26.25,18.375,0.05025,0,0,0.00227719,1.52285e-07,917
2.4e-09,100,0.4,26.25,18.375,0.075125,0,0,0.000803445,1.30054e-06,918
2.4e-09,100,0.4,26.25,18.375,0.1,0,0,0,0,919
2.4e-09,100,0.4,26.25,23.625,0.0005,0.147948015943091,15.7817512666217,0.307362,2.55295e-08,920
2.4e-09,100,0.4,26.25,23.625,0.025375,0,0,0.00580259,4.37052e-08,921
2.4e-09,100,0.4,26.25,23.625,0.05025,0,0,0.00241985,2.83569e-07,922
2.4e-09,100,0.4,26.25,23.625,0.075125,0,0,0.000840999,2.47759e-07,923
2.4e-09,100,0.4,26.25,23.625,0.1,0,0,0,0,924
2.4e-09,100,0.4,32.5,3.25,0.0005,0,0,0.00904234,1.60395e-08,925
2.4e-09,100,0.4,32.5,3.25,0.025375,0,0,0.00374479,5.35035e-08,926
2.4e-09,100,0.4,32.5,3.25,0.05025,0,0,0.00172162,7.51814e-07,927
2.4e-09,100,0.4,32.5,3.25,0.075125,0,0,0.000547784,7.85377e-08,928
2.4e-09,100,0.4,32.5,3.25,0.1,0,0,0,0,929
2.4e-09,100,0.4,32.5,9.75,0.0005,0,0,0.0131724,2.37354e-09,930
2.4e-09,100,0.4,32.5,9.75,0.025375,0,0,0.0039885,2.37903e-08,931
2.4e-09,100,0.4,32.5,9.75,0.05025,0,0,0.00180655,6.29136e-07,932
2.4e-09,100,0.4,32.5,9.75,0.075125,0,0,0.000592371,1.26725e-06,933
2.4e-09,100,0.4,32.5,9.75,0.1,0,0,0,0,934
2.4e-09,100,0.4,32.5,16.25,0.0005,0,2.68132170170904,0.0196772,3.85875e-09,935
2.4e-09,100,0.4,32.5,16.25,0.025375,0,0,0.00430875,2.37343e-08,936
2.4e-09,100,0.4,32.5,16.25,0.05025,0,0,0.00190525,6.0188e-07,937
2.4e-09,100,0.4,32.5,16.25,0.075125,0,0,0.000634125,9.24106e-07,938
2.4e-09,100,0.4,32.5,16.25,0.1,0,0,0,0,939
2.4e-09,100,0.4,32.5,22.75,0.0005,0,7.41313994778679,0.0683835,1.13257e-09,940
2.4e-09,100,0.4,32.5,22.75,0.025375,0,0,0.00475211,5.0854e-09,941
2.4e-09,100,0.4,32.5,22.75,0.05025,0,0,0.00202497,1.60804e-07,942
2.4e-09,100,0.4,32.5,22.75,0.075125,0,0,0.000674165,1.27698e-06,943
2.4e-09,100,0.4,32.5,22.75,0.1,0,0,0,0,944
2.4e-09,100,0.4,32.5,29.25,0.0005,0.424327501045291,14.7924931855497,1.0555,2.39893e-08,945
2.4e-09,100,0.4,32.5,29.25,0.025375,0,0,0.0054132,1.0881e-07,946
2.4e-09,100,0.4,32.5,29.25,0.05025,0,0,0.00218117,2.93942e-07,947
2.4e-09,100,0.4,32.5,29.25,0.075125,0,0,0.000712569,6.75258e-08,948
2.4e-09,100,0.4,32.5,29.25,0.1,0,0,0,0,949
2.4e-09,100,0.4,38.75,3.875,0.0005,0,0,0.00927536,4.26037e-09,950
2.4e-09,100,0.4,38.75,3.875,0.025375,0,0,0.00317324,5.41736e-09,951
2.4e-09,100,0.4,38.75,3.875,0.05025,0,0,0.00149303,9.98082e-07,952
2.4e-09,100,0.4,38.75,3.875,0.075125,0,0,0.000404548,4.74876e-08,953
2.4e-09,100,0.4,38.75,3.875,0.1,0,0,0,0,954
2.4e-09,100,0.4,38.75,11.625,0.0005,0,0,0.0142671,2.19749e-09,955
2.4e-09,100,0.4,38.75,11.625,0.025375,0,0,0.00339886,2.79026e-08,956
2.4e-09,100,0.4,38.75,11.625,0.05025,0,0,0.00157823,3.75293e-08,957
2.4e-09,100,0.4,38.75,11.625,0.075125,0,0,0.000479543,1.51088e-06,958
2.4e-09,100,0.4,38.75,11.625,0.1,0,0,0,0,959
2.4e-09,100,0.4,38.75,19.375,0.0005,0,0,0.0158654,1.70841e-06,960
2.4e-09,100,0.4,38.75,19.375,0.025375,0,0,0.00372482,3.66349e-09,961
2.4e-09,100,0.4,38.75,19.375,0.05025,0,0,0.00167435,2.178e-08,962
2.4e-09,100,0.4,38.75,19.375,0.075125,0,0,0.000541437,7.62854e-07,963
2.4e-09,100,0.4,38.75,19.375,0.1,0,0,0,0,964
2.4e-09,100,0.4,38.75,27.125,0.0005,0,0,0.0216856,3.64439e-06,965
2.4e-09,100,0.4,38.75,27.125,0.025375,0,0,0.00422283,1.37736e-08,966
2.4e-09,100,0.4,38.75,27.125,0.05025,0,0,0.00179663,2.61262e-07,967
2.4e-09,100,0.4,38.75,27.125,0.075125,0,0,0.000596299,2.61066e-07,968
2.4e-09,100,0.4,38.75,27.125,0.1,0,0,0,0,969
2.4e-09,100,0.4,38.75,34.875,0.0005,0,6.83351949383669,0.269224,9.10338e-06,970
2.4e-09,100,0.4,38.75,34.875,0.025375,0,0,0.00509149,9.71583e-09,971
2.4e-09,100,0.4,38.75,34.875,0.05025,0,0,0.00196155,8.01751e-07,972
2.4e-09,100,0.4,38.75,34.875,0.075125,0,0,0.000643793,5.94436e-07,973
2.4e-09,100,0.4,38.75,34.875,0.1,0,0,0,0,974
2.4e-09,100,0.4,45,4.5,0.0005,NaN,NaN,NaN,NaN,975
2.4e-09,100,0.4,45,4.5,0.025375,0,0,0.0026257,5.05121e-08,976
2.4e-09,100,0.4,45,4.5,0.05025,0,0,0.00127782,7.32703e-07,977
2.4e-09,100,0.4,45,4.5,0.075125,0,0,0.000308705,6.45984e-07,978
2.4e-09,100,0.4,45,4.5,0.1,0,0,0,0,979
2.4e-09,100,0.4,45,13.5,0.0005,0,0,0.00811217,2.45529e-05,980
2.4e-09,100,0.4,45,13.5,0.025375,0,0,0.00284344,3.56012e-08,981
2.4e-09,100,0.4,45,13.5,0.05025,0,0,0.00139595,3.09552e-07,982
2.4e-09,100,0.4,45,13.5,0.075125,0,0,0.000417343,1.07709e-07,983
2.4e-09,100,0.4,45,13.5,0.1,0,0,0,0,984
2.4e-09,100,0.4,45,22.5,0.0005,0,0,0.0105656,2.49268e-05,985
2.4e-09,100,0.4,45,22.5,0.025375,0,0,0.00317556,5.37241e-09,986
2.4e-09,100,0.4,45,22.5,0.05025,0,0,0.00150863,1.70692e-07,987
2.4e-09,100,0.4,45,22.5,0.075125,0,0,0.000505359,2.02609e-06,988
2.4e-09,100,0.4,45,22.5,0.1,0,0,2.89794e-06,5.04733e-07,989
2.4e-09,100,0.4,45,31.5,0.0005,0,0,0.0200225,2.44513e-05,990
2.4e-09,100,0.4,45,31.5,0.025375,0,0,0.00372355,1.80892e-08,991
2.4e-09,100,0.4,45,31.5,0.05025,0,0,0.0016325,1.75621e-07,992
2.4e-09,100,0.4,45,31.5,0.075125,0,0,0.000578679,1.9046e-06,993
2.4e-09,100,0.4,45,31.5,0.1,0,0,1.19261e-05,2.86488e-07,994
2.4e-09,100,0.4,45,40.5,0.0005,0,3.85126523203915,0.205259,2.30214e-05,995
2.4e-09,100,0.4,45,40.5,0.025375,0,0,0.00486962,2.47134e-09,996
2.4e-09,100,0.4,45,40.5,0.05025,0,0,0.00179474,1.46091e-07,997
2.4e-09,100,0.4,45,40.5,0.075125,0,0,0.00063523,4.90847e-07,998
2.4e-09,100,0.4,45,40.5,0.1,0,0,1.64162e-05,5.5768e-07,999
